brand,country,currency,full_product_description,in_stock,keyword,listing_id,listing_title,listing_url,offers_count,price,product_images,product_sku,seller_id,seller_name,seller_profile_url,seller_rating,state_province,total_reviews,units_available,zip_code
,,,,,Dell laptop,8988969760,Dell Inspiron 14 Laptop 5440 14-inch FHD+ Intel Core i5-1334U 8GB RAM 512GB NVMe SSD Carbon Black,https://www.walmart.com/ip/Dell-Inspiron-14-Laptop-5440-14-0-inch-16-10-FHD-Display-13th-Gen-Intel-Core-i5-1334U-8GB-DDR5-RAM-512GB-SSD-Intel-UHD-Graphics-Windows-11-Home-Onsit/8988969760?classType=REGULAR&athbdg=L1102,0,349,['https://i5.walmartimages.com/seo/Dell-Inspiron-14-Laptop-5440-14-0-inch-16-10-FHD-Display-13th-Gen-Intel-Core-i5-1334U-8GB-DDR5-RAM-512GB-SSD-Intel-UHD-Graphics-Windows-11-Home-Onsit_16c4082c-11eb-4e26-a07b-e5dac39d25bb.c010a3f1dc1e965d76898011eb093df9.jpeg?odnHeight=180&odnWidth=180&odnBg=FFFFFF'],,,,,,,,,
,,,,,Dell laptop,14282665019,Dell Inspiron 16 Laptop 5640 16-inch FHD+ Touch Intel Core i5-1334U 8GB RAM 512GB NVMe SSD Ice Blue,https://www.walmart.com/ip/Dell-Inspiron-16-Laptop-5640-16-0-inch-16-10-FHD-Touchsreen-Display-Intel-Core-i5-1334U-Processor-8GB-DDR5-RAM-512GB-SSD-Intel-UHD-Graphics-Windows-1/14282665019?classType=REGULAR&athbdg=L1600,0,499,['https://i5.walmartimages.com/seo/Dell-Inspiron-16-Laptop-5640-16-0-inch-16-10-FHD-Touchsreen-Display-Intel-Core-i5-1334U-Processor-8GB-DDR5-RAM-512GB-SSD-Intel-UHD-Graphics-Windows-1_bded7b63-99b7-4f90-a661-77d570531048.d9554ca1ce4dccd6fdf738e6f5911f9c.jpeg?odnHeight=180&odnWidth=180&odnBg=FFFFFF'],,,,,,,,,
,,,,,Dell laptop,14255402464,Dell Inspiron 15 Laptop 3530 15.6-inch FHD Intel Core i3-1305U 8GB RAM 512GB NVMe SSD Carbon Black,https://www.walmart.com/ip/Dell-Inspiron-15-3520-15-6-Full-HD-Touchscreen-Laptop-Intel-Core-i5-1235U-Intel-UHD-Graphics-Camera-Wi-Fi-32GB-RAM-2TB-SSD-Windows-11-S/14255402464?classType=REGULAR&athbdg=L1103,0,339,['https://i5.walmartimages.com/seo/Dell-Inspiron-15-3520-15-6-Full-HD-Touchscreen-Laptop-Intel-Core-i5-1235U-Intel-UHD-Graphics-Camera-Wi-Fi-32GB-RAM-2TB-SSD-Windows-11-S_183dc5a1-1a1c-4aab-9b18-63324535c53c.e5521afd95f8c0c19e6885cad515ac5d.jpeg?odnHeight=180&odnWidth=180&odnBg=FFFFFF'],,,,,,,,,
,,,"Dell Inspiron 14 Laptop 5440 - 14.0-inch 16:10 FHD+ Display, 13th Gen Intel Core i5-1334U, 8GB DDR5 RAM, 512GB SSD, Intel UHD Graphics, Windows 11 Home, 1 Year Onsite Service & Dell Migrate - Carbon",,Dell laptop,8988969760,Dell Inspiron 14 Laptop 5440 14-inch FHD+ Intel Core i5-1334U 8GB RAM 512GB NVMe SSD Carbon Black,https://www.walmart.com/ip/Dell-Inspiron-14-Laptop-5440-14-0-inch-16-10-FHD-Display-13th-Gen-Intel-Core-i5-1334U-8GB-DDR5-RAM-512GB-SSD-Intel-UHD-Graphics-Windows-11-Home-Onsit/8988969760?classType=REGULAR&athbdg=L1102,0,349,['https://i5.walmartimages.com/seo/Dell-Inspiron-14-Laptop-5440-14-0-inch-16-10-FHD-Display-13th-Gen-Intel-Core-i5-1334U-8GB-DDR5-RAM-512GB-SSD-Intel-UHD-Graphics-Windows-11-Home-Onsit_16c4082c-11eb-4e26-a07b-e5dac39d25bb.c010a3f1dc1e965d76898011eb093df9.jpeg'],,,,,,,,,
,,,Features: Intel Core i5 Processor 8GB RAM 256GB SSD Webcam Built in Wi-Fi HDMI,,Dell laptop,1087438498,Dell Latitude 7480 Laptop Intel i5 WiFi 256GB SSD Windows 11 Professional WEBCAM HDMI,https://www.walmart.com/ip/Dell-Latitude-7480-Laptop-Intel-i5-WiFi-256GB-SSD-Windows-11-Professional-WEBCAM-HDMI/1087438498?classType=VARIANT&athbdg=L1600,0,177,['https://i5.walmartimages.com/seo/Dell-Latitude-7480-Laptop-Intel-i5-WiFi-256GB-SSD-Windows-11-Professional-WEBCAM-HDMI_7b19bf32-662d-4e26-91be-fb55cf7897f9.361042b85e4ef2695b73342753ed674c.jpeg?odnHeight=180&odnWidth=180&odnBg=FFFFFF'],,,,,,,,,
,,,,,Dell laptop,2405822269,Dell Inspiron 16 Laptop 5640 16-inch FHD+ Intel Core 7-150U 16GB RAM 1TB NVMe SSD Midnight Blue,https://www.walmart.com/ip/Dell-Inspiron-16-Laptop-5640-16-0-inch-16-10-FHD-Display-Intel-Core-7-150U-Processor-16GB-DDR5-RAM-1TB-SSD-Intel-Graphics-Windows-11-Home-1-Year-Mail/2405822269?classType=REGULAR,0,749,['https://i5.walmartimages.com/seo/Dell-Inspiron-16-Laptop-5640-16-0-inch-16-10-FHD-Display-Intel-Core-7-150U-Processor-16GB-DDR5-RAM-1TB-SSD-Intel-Graphics-Windows-11-Home-1-Year-Mail_2be5cbdb-0524-4841-aa61-42e25683c42d.079e577ea7e69aab80993d232d6e3a4c.jpeg?odnHeight=180&odnWidth=180&odnBg=FFFFFF'],,,,,,,,,
,,,,,Dell laptop,16804559807,"Dell Inspiron 15 3530 Touchscreen Laptop - Business & Student Laptop Computer, Intel Core i5-1334U, 32GB RAM, 1TB SSD, Windows 11 Pro, 15.6"" FHD Anti-Glare Display",https://www.walmart.com/ip/Dell-Inspiron-15-3535-Touchscreen-Laptop-Business-Student-Laptop-Computer-Intel-Core-i5-1334U-32GB-RAM-1TB-SSD-W-Office-Lifetime-Windows-11-Pro-15-6/16804559807?classType=VARIANT,0,698.9,['https://i5.walmartimages.com/seo/Dell-Inspiron-15-3535-Touchscreen-Laptop-Business-Student-Laptop-Computer-Intel-Core-i5-1334U-32GB-RAM-1TB-SSD-W-Office-Lifetime-Windows-11-Pro-15-6_ac209e86-7c59-4870-ade2-520abfe61533.ff8bd9be2bc1185c290e927e92d6e9a2.jpeg?odnHeight=180&odnWidth=180&odnBg=FFFFFF'],,,,,,,,,
,,,,,Dell laptop,17015374116,"Dell 16"" FHD+ Touchscreen Business Laptop, 32GB DDR5, 1TB SSD, Intel Core 7 150U, AI Copilot Key, Fingerprint Reader, Backlit KB, Windows 11 Pro",https://www.walmart.com/ip/Dell-16-FHD-Touchscreen-Business-Laptop-32GB-DDR5-1TB-SSD-Intel-Core-7-150U-AI-Copilot-Key-Fingerprint-Reader-Backlit-KB-Windows-11-Pro-Office-Pro-Li/17015374116?classType=VARIANT&athbdg=L1900,0,1039.79,['https://i5.walmartimages.com/seo/Dell-16-FHD-Touchscreen-Business-Laptop-32GB-DDR5-1TB-SSD-Intel-Core-7-150U-AI-Copilot-Key-Fingerprint-Reader-Backlit-KB-Windows-11-Pro-Office-Pro-Li_0690d2a1-a9b6-4c17-b45d-5335621cc6e8.bc1b1731a6ccf0a5da5cd789545706c4.jpeg?odnHeight=180&odnWidth=180&odnBg=FFFFFF'],,,,,,,,,
,,,"Dell Inspiron 16 Laptop 5640 - 16.0-inch 16:10 FHD+ Touchsreen Display, Intel Core i5-1334U Processor, 8GB DDR5 RAM, 512GB SSD, Intel UHD Graphics, Windows 11 Home, 1 Year Onsite Service - Ice Blue",,Dell laptop,14282665019,Dell Inspiron 16 Laptop 5640 16-inch FHD+ Touch Intel Core i5-1334U 8GB RAM 512GB NVMe SSD Ice Blue,https://www.walmart.com/ip/Dell-Inspiron-16-Laptop-5640-16-0-inch-16-10-FHD-Touchsreen-Display-Intel-Core-i5-1334U-Processor-8GB-DDR5-RAM-512GB-SSD-Intel-UHD-Graphics-Windows-1/14282665019?classType=REGULAR&athbdg=L1600,0,499,['https://i5.walmartimages.com/seo/Dell-Inspiron-16-Laptop-5640-16-0-inch-16-10-FHD-Touchsreen-Display-Intel-Core-i5-1334U-Processor-8GB-DDR5-RAM-512GB-SSD-Intel-UHD-Graphics-Windows-1_bded7b63-99b7-4f90-a661-77d570531048.d9554ca1ce4dccd6fdf738e6f5911f9c.jpeg'],,,,,,,,,
,,,<li>Processor: 12th Gen Intel Core i7-1255U 10-Core Processor</li><li>Screen: 15.6 Touchscreen Anti-Glare LED Backlight WVA FHD (1920 x 1080) Display</li><li>Feature: Intel Iris Xe Graphics; Wi-Fi 6</li>,,Dell laptop,1321793267,"Dell Inspiron 15 Laptop,",https://www.walmart.com/ip/Dell-Inspiron-15-Laptop/1321793267?classType=VARIANT,0,879.99,['https://i5.walmartimages.com/seo/Dell-Inspiron-15-Laptop_001d1f89-dc0a-4c90-82ef-c946531e1870.344b901139025772663810df750451ff.jpeg?odnHeight=180&odnWidth=180&odnBg=FFFFFF'],,,,,,,,,
,,,,,Dell laptop,17064860701,"Dell 16-Inch Touchscreen Business Laptop – Intel Core 7 150U – 64GB DDR5, 1TB SSD – FHD+ Display - AI Copilot Key, Fingerprint Reader, Backlit KB, Windows 11 Pro",https://www.walmart.com/ip/Dell-16-Inch-Touchscreen-Business-Laptop-Intel-Core-7-150U-64GB-DDR5-1TB-SSD-FHD-Display-AI-Copilot-Key-Fingerprint-Reader-Backlit-KB-Windows-11-Pro/17064860701?classType=VARIANT,0,1057,['https://i5.walmartimages.com/seo/Dell-16-Inch-Touchscreen-Business-Laptop-Intel-Core-7-150U-64GB-DDR5-1TB-SSD-FHD-Display-AI-Copilot-Key-Fingerprint-Reader-Backlit-KB-Windows-11-Pro_e9ec3cb0-c640-42d3-a7d8-66e2d1f5a568.ba6d43e74b67b3c1faa8547721b85e65.jpeg?odnHeight=180&odnWidth=180&odnBg=FFFFFF'],,,,,,,,,
,,,,,Dell laptop,1087438498,Dell Latitude 7480 Laptop Intel i5 WiFi 256GB SSD Windows 11 Professional WEBCAM HDMI,https://www.walmart.com/ip/Dell-Latitude-7480-Laptop-Intel-i5-WiFi-256GB-SSD-Windows-11-Professional-WEBCAM-HDMI/1087438498?classType=VARIANT&athbdg=L1600,0,177,['https://i5.walmartimages.com/seo/Dell-Latitude-7480-Laptop-Intel-i5-WiFi-256GB-SSD-Windows-11-Professional-WEBCAM-HDMI_7b19bf32-662d-4e26-91be-fb55cf7897f9.361042b85e4ef2695b73342753ed674c.jpeg?odnHeight=180&odnWidth=180&odnBg=FFFFFF'],,,,,,,,,
,,,"<li>Dell Latitude 5400</li><li>14"" Full HD</li><li>Intel Core i7-8665U</li><li>HDMI Port</li><li>Webcam</li><li>1 Year Warranty From a Microsoft Authorized Refurbisher</li>",,Dell laptop,10299913184,"Restored Dell Latitude 5400 | 14"" Laptop | Intel Core i7-8665U | 16GB RAM | 512GB SSD | Windows 11 Home (Refurbished)",https://www.walmart.com/ip/Restored-Dell-Latitude-5400-14-Laptop-Intel-Core-i7-8665U-16GB-RAM-512GB-SSD-Windows-11-Home-Refurbished/10299913184?conditionGroupCode=2&classType=REGULAR,0,249.25,['https://i5.walmartimages.com/asr/a4b2f212-f193-4e6f-aa12-40ca0a3bcccb.f7624272af3bfb372086b1170cccb983.jpeg'],,,,,,,,,
,,,"Dell Inspiron 15 3530 Laptop - 15.6-inch FHD (1920 x 1080) 120Hz Display, Intel Core i3-1305U Processor, 8GB RAM, 512GB SSD, Intel UHD Graphics, Wi-Fi 6, Windows 11 Home, 1 Year Onsite Service- Black",,Dell laptop,14255402464,Dell Inspiron 15 Laptop 3530 15.6-inch FHD Intel Core i3-1305U 8GB RAM 512GB NVMe SSD Carbon Black,https://www.walmart.com/ip/Dell-Inspiron-15-3520-15-6-Full-HD-Touchscreen-Laptop-Intel-Core-i5-1235U-Intel-UHD-Graphics-Camera-Wi-Fi-32GB-RAM-2TB-SSD-Windows-11-S/14255402464?classType=REGULAR&athbdg=L1103,0,339,['https://i5.walmartimages.com/seo/Dell-Inspiron-15-3520-15-6-Full-HD-Touchscreen-Laptop-Intel-Core-i5-1235U-Intel-UHD-Graphics-Camera-Wi-Fi-32GB-RAM-2TB-SSD-Windows-11-S_183dc5a1-1a1c-4aab-9b18-63324535c53c.e5521afd95f8c0c19e6885cad515ac5d.jpeg'],,,,,,,,,
,,,<li>Intel Core i7-8650U 1.90GHz</li><li>Latitude 7390</li><li>512 GB SSD 8 GB</li><li>1920x1080</li><li>Intel Corporation UHD Graphics 620</li>,,Dell laptop,1041315154,"Dell Latitude 7390 13"" Laptop- 8th Gen Intel Core i7, 8GB-32GB RAM, Solid State Drive, Win 10 or 11",https://www.walmart.com/ip/Dell-Latitude-7390-13-Laptop-8th-Gen-Intel-Core-i7-8GB-32GB-RAM-Solid-State-Drive-Win-10-or-11/1041315154?classType=VARIANT,0,249,['https://i5.walmartimages.com/seo/Dell-Latitude-7390-13-Laptop-8th-Gen-Intel-Core-i7-8GB-32GB-RAM-Solid-State-Drive-Win-10-or-11_52fc6f3a-aa9f-4026-ad9e-13546d773fee.44d9f6f121c3d7b23db705dda88de61c.jpeg?odnHeight=180&odnWidth=180&odnBg=FFFFFF'],,,,,,,,,
,,,"15.6"" Full HD TouchscreenEnjoy sharp, detailed visuals with the 1920x1080 resolution and a smooth 60Hz refresh rate; anti-glare coating reduces reflections for comfortable viewing in bright spaces;",,Dell laptop,16804559807,"Dell Inspiron 15 3530 Touchscreen Laptop - Business & Student Laptop Computer, Intel Core i5-1334U, 32GB RAM, 1TB SSD, Windows 11 Pro, 15.6"" FHD Anti-Glare Display",https://www.walmart.com/ip/Dell-Inspiron-15-3535-Touchscreen-Laptop-Business-Student-Laptop-Computer-Intel-Core-i5-1334U-32GB-RAM-1TB-SSD-W-Office-Lifetime-Windows-11-Pro-15-6/16804559807?classType=VARIANT,0,698.9,['https://i5.walmartimages.com/seo/Dell-Inspiron-15-3535-Touchscreen-Laptop-Business-Student-Laptop-Computer-Intel-Core-i5-1334U-32GB-RAM-1TB-SSD-W-Office-Lifetime-Windows-11-Pro-15-6_ac209e86-7c59-4870-ade2-520abfe61533.ff8bd9be2bc1185c290e927e92d6e9a2.jpeg?odnHeight=180&odnWidth=180&odnBg=FFFFFF'],,,,,,,,,
,,,"<li>Processor:AMD Ryzen 7 7730U (8-Core) Processor (up to 4.5 GHz, 16 MB L3 cache, 8 cores, 16 threads)</li><li>Screen: 15.6"" Touchscreen WVA LED-Backlit FHD (1920x1080) 60Hz Display</li><li>Memory &</li>",,Dell laptop,15956215152,"Dell Inspiron 3535 Touch-Screen Laptop | 64GB RAM | 1TB SSD | AMD Ryzen 7-7730U CPU | 15.6"" FHD (1920 x 1080) Touch Display | Long Battery Life | Windows 11 Pro",https://www.walmart.com/ip/Dell-Inspiron-3535-Touch-Screen-Laptop-64GB-RAM-1TB-SSD-AMD-Ryzen-7-7730U-CPU-15-6-FHD-1920-x-1080-Touch-Display-Long-Battery-Life-Windows-11-Pro/15956215152?classType=VARIANT,0,699,['https://i5.walmartimages.com/seo/Dell-Inspiron-3535-Touch-Screen-Laptop-64GB-RAM-1TB-SSD-AMD-Ryzen-7-7730U-CPU-15-6-FHD-1920-x-1080-Touch-Display-Long-Battery-Life-Windows-11-Pro_8d3979d3-3fc5-40b5-a534-3b22f2be42ae.3a05a921ff9e036266df083ab772feea.jpeg?odnHeight=180&odnWidth=180&odnBg=FFFFFF'],,,,,,,,,
,,,"<li>Processor:AMD Ryzen 7 7730U (8-Core) Processor (up to 4.5 GHz, 16 MB L3 cache, 8 cores, 16 threads)</li><li>Screen: 15.6"" Touchscreen WVA LED-Backlit FHD (1920x1080) 60Hz Display</li><li>Memory &</li>",,Dell laptop,15937320807,"Dell Inspiron 3535 Touch-Screen Laptop | 32GB RAM | 2TB SSD | AMD Ryzen 7-7730U CPU | 15.6"" FHD (1920 x 1080) Touch Display | Long Battery Life | Windows 11 Pro",https://www.walmart.com/ip/Dell-Inspiron-3535-Touch-Screen-Laptop-32GB-RAM-2TB-SSD-AMD-Ryzen-7-7730U-CPU-15-6-FHD-1920-x-1080-Touch-Display-Long-Battery-Life-Windows-11-Pro/15937320807?classType=VARIANT,0,748.98,['https://i5.walmartimages.com/seo/Dell-Inspiron-3535-Touch-Screen-Laptop-32GB-RAM-2TB-SSD-AMD-Ryzen-7-7730U-CPU-15-6-FHD-1920-x-1080-Touch-Display-Long-Battery-Life-Windows-11-Pro_8d3979d3-3fc5-40b5-a534-3b22f2be42ae.3a05a921ff9e036266df083ab772feea.jpeg?odnHeight=180&odnWidth=180&odnBg=FFFFFF'],,,,,,,,,
,,,"<li>Intel Core i5-5200U 2.2GHz</li><li>8GB RAM</li><li>256GB SSD</li><li>Intel HD Graphics</li><li>Ports: 3 USB 3.0, docking port, VGA, HDMI, RJ-45</li><li>HD Anti-Glare LED (1366 x 768)</li>",,Dell laptop,885580176,"Restored Dell E5550 15.6"" Laptop with Intel Core i5-5200U 2.2GHz Processor, 8GB Memory, 256GB SSD, Win 10 Pro (64-bit) (Refurbished)",https://www.walmart.com/ip/Restored-Dell-E5550-15-6-Laptop-with-Intel-Core-i5-5200U-2-2GHz-Processor-8GB-Memory-256GB-SSD-Win-10-Pro-64-bit-Refurbished/885580176?conditionGroupCode=2&classType=REGULAR,0,136.5,['https://i5.walmartimages.com/seo/Restored-Dell-E5550-15-6-Laptop-with-Intel-Core-i5-5200U-2-2GHz-Processor-8GB-Memory-256GB-SSD-Win-10-Pro-64-bit-Refurbished_0aafb9a4-a8e2-47df-841f-3d487b4d50d4_1.08f539da446cb2f8f50c67a2b2b4d2b4.jpeg'],,,,,,,,,
,,,"AMD Ryzen 7 7730U ProcessorIt is a processor for thin and light laptops based on the Cezanne generation. It is part of the second ""Barcelo"" refresh in early 2023 and offers the same specifications as",,Dell laptop,15595266300,"Dell Inspiron 15.6"" FHD Touchscreen Laptop | AMD Ryzen 7 7730U(Beat Intel Core 7 150U) | AMD Radeon Graphics | Black | 32GB RAM | 1024GB SSD | Windows 11 Home |",https://www.walmart.com/ip/Dell-Inspiron-15-6-FHD-Touchscreen-Laptop-AMD-Ryzen-7-7730U-Beat-Intel-Core-7-150U-AMD-Radeon-Graphics-Black-32GB-RAM-1024GB-SSD-Windows-11-Home/15595266300?classType=VARIANT,0,609,['https://i5.walmartimages.com/seo/Dell-Inspiron-15-6-FHD-Touchscreen-Laptop-AMD-Ryzen-7-7730U-Beat-Intel-Core-7-150U-AMD-Radeon-Graphics-Black-32GB-RAM-1024GB-SSD-Windows-11-Home_997f637d-903a-465c-b94b-5dfa050102f0.e32dc669a3f85ef4911569be03e0a0cc.jpeg?odnHeight=180&odnWidth=180&odnBg=FFFFFF'],,,,,,,,,
,,,,,Dell laptop,15740808724,"Dell Inspiron 15 3511 15.6"" FHD Laptop, i3-1215U, 16GB RAM, 1TB SSD, Win11, Includes VLT 64GB SD Card, Carbon Black",https://www.walmart.com/ip/Dell-Inspiron-15-3511-15-6-FHD-Laptop-Intel-Core-i3-1215U-16GB-RAM-1TB-SSD-Intel-UHD-Graphics-Windows-11-Carbon-Black/15740808724?classType=VARIANT&athbdg=L1900,0,435.68,['https://i5.walmartimages.com/seo/Dell-Inspiron-15-3511-15-6-FHD-Laptop-Intel-Core-i3-1215U-16GB-RAM-1TB-SSD-Intel-UHD-Graphics-Windows-11-Carbon-Black_c93fd528-e72b-4b85-a947-e56fe574b13e.23b3534414677ab1da53781492e9ce38.jpeg?odnHeight=180&odnWidth=180&odnBg=FFFFFF'],,,,,,,,,
,,,,,Dell laptop,16963554345,"Dell Inspiron 15 3530 Touchscreen Laptop for Business, 15.6"" FHD Touch Display, Intel i5-1334U, 32GB RAM, 2TB SSD, Windows 11 Pro, Wi-Fi 6",https://www.walmart.com/ip/Dell-Inspiron-15-3530-Touchscreen-Laptop-Business-15-6-FHD-Touch-Display-Office-Lifetime-License-Intel-i7-1355U-32GB-RAM-2TB-SSD-Windows-11-Pro-Wi-Fi/16963554345?classType=VARIANT,0,839.99,['https://i5.walmartimages.com/seo/Dell-Inspiron-15-3530-Touchscreen-Laptop-Business-15-6-FHD-Touch-Display-Office-Lifetime-License-Intel-i7-1355U-32GB-RAM-2TB-SSD-Windows-11-Pro-Wi-Fi_eaffa5bc-7eac-410b-a503-0c394f299c07.74693f900f3987f15140ebb6d743f6c0.png?odnHeight=180&odnWidth=180&odnBg=FFFFFF'],,,,,,,,,
,,,"<li>Processor: Intel Core i5-1235U, 10-Core, 1.30 GHz up to 4.40 GHz, 12 MB Cache</li><li>Screen: 15.6"" Touchscreen FHD (1920 x 1080) Display 220 nits</li><li>Memory & Storage: 64GB DDR4 RAM; 2TB PCIe</li>",,Dell laptop,5360702653,"Dell Inspiron 15 3000 [Windows 11 Pro] Business Laptop Computer, 15.6"" FHD Touchscreen, Intel Quad-Core i5-1155G7, 16GB RAM, 512GB PCIe SSD, Numeric Keypad, Wi-Fi, Webcam, Black",https://www.walmart.com/ip/Dell-Inspiron-15-3000-Windows-11-Pro-Business-Laptop-Computer-15-6-FHD-Touchscreen-Intel-Quad-Core-i5-1155G7-16GB-RAM-512GB-PCIe-SSD-Numeric-Keypad-W/5360702653?classType=VARIANT,0,511,['https://i5.walmartimages.com/seo/Dell-Inspiron-15-3000-Windows-11-Pro-Business-Laptop-Computer-15-6-FHD-Touchscreen-Intel-Quad-Core-i5-1155G7-16GB-RAM-512GB-PCIe-SSD-Numeric-Keypad-W_3c640f47-6c25-4b4b-8c3b-d19f1279ac1c.6f01119fac6b2b9e5d40cdaa9b6aef49.jpeg?odnHeight=180&odnWidth=180&odnBg=FFFFFF'],,,,,,,,,
,,,"Dell Chromebook 11 3100 - 11.6"" 4GB RAM 16GB SSD -N4000 -1.10GHz - NonTouch - Model P29T (Scratches & Dents)""Product Condition / Grade D UsedFully tested & functional; Unit has been reset to factory",,Dell laptop,5597300774,"Dell Chromebook 11 3100 11.6"" Laptop, Intel N4000, 4GB, 16GB HD",https://www.walmart.com/ip/Dell-Chromebook-11-3100-11-6-Laptop-Intel-N4000-4GB-16GB-HD/5597300774?classType=REGULAR&athbdg=L1600,0,69.99,['https://i5.walmartimages.com/seo/Dell-Chromebook-11-3100-11-6-Laptop-Intel-N4000-4GB-16GB-HD_146cdff8-efe4-489f-ab74-df8cedf39ede.904099a0571ef7b09d3a5f024db1f3e7.jpeg'],,,,,,,,,
,,,"<li>12th Gen Intel 6-Core Power
Powered by Intel Core i3-1215U (6 cores, 8 threads, up to 4.4GHz), this laptop delivers smooth, responsive performance for multitasking, streaming, and everyday work.</li>",,Dell laptop,16949102994,"Dell Inspiron 15 3520 Laptop - 15.6"" FHD Display, Intel 6-Core i3-1215U(up to 4.4 GHz), 8GB RAM, 256GB SSD, Intel UHD Graphics, Windows 11 Pro, with Accessories",https://www.walmart.com/ip/Dell-Inspiron-15-3520-Laptop-15-6-FHD-Display-Intel-6-Core-i3-1215U-up-4-4-GHz-8GB-RAM-256GB-SSD-Intel-UHD-Graphics-Windows-11-Pro-Office-License-Acc/16949102994?classType=VARIANT,0,428.99,['https://i5.walmartimages.com/seo/Dell-Inspiron-15-3520-Laptop-15-6-FHD-Display-Intel-6-Core-i3-1215U-up-4-4-GHz-8GB-RAM-256GB-SSD-Intel-UHD-Graphics-Windows-11-Pro-Office-License-Acc_7f751923-c2c7-440a-af20-65ec2e1f5d14.ca1fb1d3b0d679edae16e854a10930ea.jpeg?odnHeight=180&odnWidth=180&odnBg=FFFFFF'],,,,,,,,,
,,,"<li>Dell Latitude 7420</li><li>14"" Full HD WVA LED Display</li><li>Intel Core i7-1165g7 CPU</li><li>HDMI Port</li><li>Webcam</li><li>1 Year Warranty From a Microsoft Authorized Refurbisher</li>",,Dell laptop,9383066904,Restored Dell Latitude 7420 Laptop Computer | Intel Core i7 11th Gen | 16GB RAM | 512GB SSD | Windows 11| Home or Office PC (Refurbished),https://www.walmart.com/ip/Restored-Dell-Latitude-7420-Laptop-Computer-Intel-Core-i7-11th-Gen-16GB-RAM-512GB-SSD-Windows-11-Home-or-Office-PC-Refurbished/9383066904?conditionGroupCode=2&classType=VARIANT,0,348,['https://i5.walmartimages.com/seo/Restored-Dell-Latitude-7420-Laptop-Computer-Intel-Core-i7-11th-Gen-16GB-RAM-512GB-SSD-Windows-11-Home-or-Office-PC-Refurbished_7d5f6c90-6860-418a-9ab0-387089293fda.e51055a34a7df4cc142219cc64331e79.jpeg'],,,,,,,,,
,,,"<li>13th Generation Intel Core i7-1355U (10 cores, up to 5.00 GHz)</li><li>16GB: 1x16GB, DDR4, 3200 MT/s</li><li>1TB M.2 PCIe NVMe Solid State Drive</li><li>15.6"", Non-Touch, FHD, 120Hz, WVA, IPS,</li>",,Dell laptop,17257559547,"Dell 15 Laptop DC15250, 15.6"" FHD (1920 x 1080) IPS Screen, Intel i7-1355U 10-Cores 5.00 GHz, 16GB DDR4 RAM, 1TB SSD, Webcam, Wifi, Backlit Keyboard, Windows 11 Home, Platinum Silver",https://www.walmart.com/ip/Dell-15-Laptop-DC15250-15-6-FHD-1920-x-1080-IPS-Screen-Intel-i7-1355U-10-Cores-5-00-GHz-16GB-DDR4-RAM-1TB-SSD-Webcam-Wifi-Backlit-Keyboard-Windows-11/17257559547?classType=REGULAR,0,599,['https://i5.walmartimages.com/seo/Dell-15-Laptop-DC15250-15-6-FHD-1920-x-1080-IPS-Screen-Intel-i7-1355U-10-Cores-5-00-GHz-16GB-DDR4-RAM-1TB-SSD-Webcam-Wifi-Backlit-Keyboard-Windows-11_ca48e8f1-e6e2-4ff3-bcaa-b9ac2763a41e.e2b570363b8adb236e7e1334626fc1a7.jpeg'],,,,,,,,,
,,,"<li>15.6"" Full HD display "" The 1920 x 1080 resolution boasts impressive color and clarity. IPS technology for wide viewing angles. Energy-efficient LED backlight.</li><li>7th Gen Intel Core i5-7300HQ</li>",,Dell laptop,15900019438,"DELL INSPIRON 15.6"" LAPTOP: INTEL CORE I5 , 8GB MEMORY,NVIDIA GEFORCE GTX 1050 TI , 256GB SOLID STATE DRIVE , BLACK",https://www.walmart.com/ip/DELL-INSPIRON-15-6-LAPTOP-INTEL-CORE-I5-8GB-MEMORY-NVIDIA-GEFORCE-GTX-1050-TI-256GB-SOLID-STATE-DRIVE-BLACK/15900019438?classType=REGULAR,0,,['https://i5.walmartimages.com/seo/DELL-INSPIRON-15-6-LAPTOP-INTEL-CORE-I5-8GB-MEMORY-NVIDIA-GEFORCE-GTX-1050-TI-256GB-SOLID-STATE-DRIVE-BLACK_8b49ac2c-e677-4e9d-aa34-9fb4206cb716.380f611de862083b3635f379e10a6dcc.jpeg'],,,,,,,,,
,,,"Processor The Dell Inspiron 3520 Business Laptop features an impressive 12th Gen Intel Core i3-1215U (10 MB cache, 6 cores, 8 threads, up to 4.40 GHz Turbo), delivers reliable performance for everyday",,Dell laptop,14323307200,"Dell Inspiron 15 3000 3520 Business Laptop, 15.6"" FHD Display, Intel Core i3-1215U, 16GB RAM, 1TB SSD, Wi-Fi, Bluetooth, Windows 11 Pro",https://www.walmart.com/ip/Dell-Inspiron-15-3000-3520-Business-Laptop-Microsoft-Office-Lifetime-License-15-6-FHD-Display-Intel-Core-i3-1215U-16GB-RAM-1TB-SSD-Wi-Fi-Bluetooth-Wi/14323307200?classType=VARIANT,0,573.9,['https://i5.walmartimages.com/seo/Dell-Inspiron-15-3000-3520-Business-Laptop-Microsoft-Office-Lifetime-License-15-6-FHD-Display-Intel-Core-i3-1215U-16GB-RAM-1TB-SSD-Wi-Fi-Bluetooth-Wi_4eb39606-816c-4ab0-92c4-4c37ff5526e6.a6cea842c71a7fdb4f2712efbf09dab5.jpeg?odnHeight=180&odnWidth=180&odnBg=FFFFFF'],,,,,,,,,
,,,"Designed for productivity: Intel I5-1235U processor(10 cores, 12 threads, up to 4.4 GHz) brings the perfect combination of features to make you unstoppable.The Inspiron series has a high degree of",,Dell laptop,16039308594,"Dell Inspiron 15 Touchscreen Laptop, 15.6"" Full HD Display, Intel 10-Core i5-1235U, 16 GB RAM, 1 TB SSD, Intel UHD Graphics, Wi-Fi, HDMI, Win 11 Pro, w/MS Office Pro Lifetime License & Accessories",https://www.walmart.com/ip/Dell-Inspiron-15-Touchscreen-Laptop-15-6-Full-HD-Display-Intel-10-Core-i5-1235U-16-GB-RAM-1-TB-SSD-Intel-UHD-Graphics-Wi-Fi-HDMI-Win-11-Pro-w-MS-Offi/16039308594?classType=REGULAR,0,,['https://i5.walmartimages.com/seo/Dell-Inspiron-15-Touchscreen-Laptop-15-6-Full-HD-Display-Intel-10-Core-i5-1235U-16-GB-RAM-1-TB-SSD-Intel-UHD-Graphics-Wi-Fi-HDMI-Win-11-Pro-w-MS-Offi_5e3b40b4-6d18-4b77-bf35-473a804199e9.50a80c5e63f9016037e8507140e361fa.jpeg'],,,,,,,,,
,,,,,Dell laptop,14323307200,"Dell Inspiron 15 3000 3520 Business Laptop, 15.6"" FHD Display, Intel Core i3-1215U, 16GB RAM, 1TB SSD, Wi-Fi, Bluetooth, Windows 11 Pro",https://www.walmart.com/ip/Dell-Inspiron-15-3000-3520-Business-Laptop-Microsoft-Office-Lifetime-License-15-6-FHD-Display-Intel-Core-i3-1215U-16GB-RAM-1TB-SSD-Wi-Fi-Bluetooth-Wi/14323307200?classType=VARIANT,0,573.9,['https://i5.walmartimages.com/seo/Dell-Inspiron-15-3000-3520-Business-Laptop-Microsoft-Office-Lifetime-License-15-6-FHD-Display-Intel-Core-i3-1215U-16GB-RAM-1TB-SSD-Wi-Fi-Bluetooth-Wi_4eb39606-816c-4ab0-92c4-4c37ff5526e6.a6cea842c71a7fdb4f2712efbf09dab5.jpeg?odnHeight=180&odnWidth=180&odnBg=FFFFFF'],,,,,,,,,
,,,,,Dell laptop,13631016702,"Dell Inspiron 16 Business Laptop, 16"" FHD+ Display, AMD Ryzen 7-8840U, 64GB DDR5 RAM, 2TB SSD, Wi-Fi 6E, Backlit KB, Windows 11 Pro",https://www.walmart.com/ip/Dell-Inspiron-16-Business-Laptop-16-FHD-Display-AMD-Ryzen-7-8840U-64GB-DDR5-RAM-2TB-SSD-Wi-Fi-6E-Backlit-KB-Windows-11-Pro/13631016702?classType=VARIANT,0,1099.99,['https://i5.walmartimages.com/seo/Dell-Inspiron-16-Business-Laptop-16-FHD-Display-AMD-Ryzen-7-8840U-64GB-DDR5-RAM-2TB-SSD-Wi-Fi-6E-Backlit-KB-Windows-11-Pro_06605d5d-c6f4-4db4-bdd9-f6b32927cef5.238d203a46a29f47b351cc4b691ec877.jpeg?odnHeight=180&odnWidth=180&odnBg=FFFFFF'],,,,,,,,,
,,,"<li>12th Gen Intel Power Featuring a 6-Core Intel Core i3-1215U processor with up to 4.4GHz Turbo Boost, delivering smooth performance for everyday tasks, work, and entertainment.</li><li>High-Speed</li>",,Dell laptop,15740808724,"Dell Inspiron 15 3511 15.6"" FHD Laptop, i3-1215U, 16GB RAM, 1TB SSD, Win11, Includes VLT 64GB SD Card, Carbon Black",https://www.walmart.com/ip/Dell-Inspiron-15-3511-15-6-FHD-Laptop-Intel-Core-i3-1215U-16GB-RAM-1TB-SSD-Intel-UHD-Graphics-Windows-11-Carbon-Black/15740808724?classType=VARIANT&athbdg=L1900,0,435.68,['https://i5.walmartimages.com/seo/Dell-Inspiron-15-3511-15-6-FHD-Laptop-Intel-Core-i3-1215U-16GB-RAM-1TB-SSD-Intel-UHD-Graphics-Windows-11-Carbon-Black_c93fd528-e72b-4b85-a947-e56fe574b13e.23b3534414677ab1da53781492e9ce38.jpeg?odnHeight=180&odnWidth=180&odnBg=FFFFFF'],,,,,,,,,
,,,"Dell Latitude 3190 - Pentium Silver N5000 - 1.10GHz 8GB RAM 128GB SSD Storage 11.6"" Windows 10 Pro - Non Touch Screen (Scratches & Dents)Product Condition / Grade D UsedFully tested & functional; Unit",,Dell laptop,5186788784,"Restored Dell Latitude 3190, 11.6"" Laptop, Pentium Silver N5000, 8GB RAM, 128GB SSD, Windows 10 Pro (Refurbished)",https://www.walmart.com/ip/Dell-Latitude-3190-11-6-Laptop-Pentium-Silver-N5000-8GB-RAM-128GB-SSD-Windows-10-Pro/5186788784?conditionGroupCode=2&classType=REGULAR,0,129.99,['https://i5.walmartimages.com/asr/25a9fea2-6634-4212-b416-01d2ea267e31.3b51c05818e5b995b5d1f9d025fd53bb.jpeg?odnHeight=180&odnWidth=180&odnBg=ffffff'],,,,,,,,,
,,,"<li>12th Generation Intel Core i5-1235U 10-Core Processor (Up to 4.4 GHz with Intel Turbo Boost Technology, 12 MB Intel Smart cache, 10 Cores: 2 Performance + 8 Efficient, 12 Threads)</li><li>Upgrade</li>",,Dell laptop,16130955621,"Dell Inspiron 15.6"" FHD (1920x1080) IPS Laptop | Intel i5-1235U 10-Core | Intel Iris Xe Graphics | WiFi | Bluetooth | HDMI | 48GB DDR4 2TB SSD | Win10 Home",https://www.walmart.com/ip/Dell-Inspiron-15-6-FHD-1920x1080-IPS-Laptop-Intel-i5-1235U-10-Core-Intel-Iris-Xe-Graphics-WiFi-Bluetooth-HDMI-48GB-DDR4-2TB-SSD-Win10-Home/16130955621?classType=REGULAR,0,1270.99,['https://i5.walmartimages.com/seo/Dell-Inspiron-15-6-FHD-1920x1080-IPS-Laptop-Intel-i5-1235U-10-Core-Intel-Iris-Xe-Graphics-WiFi-Bluetooth-HDMI-48GB-DDR4-2TB-SSD-Win10-Home_bdc6dd90-2949-47e5-901b-e577419f4405.9169695cb14fe65c1a3ca15562389ce5.jpeg'],,,,,,,,,
,,,"<li>Processor:Intel Core i5-1335U Processor (10 Cores, 12 Threads, 12MB Intel Smart Cache, Up to 4.6 Ghz at Maximum Turbo Speed)</li><li>Screen: 15.6"" Touchscreen Anti-Glare LED Backlight WVA FHD</li>",,Dell laptop,5275884456,"Dell Inspiron 15 3000 Business Laptop Computer, 15.6"" FHD Touchscreen, Intel Quad-Core i5-1155G7, 8GB RAM, 256GB PCIe SSD, Numeric Keypad, Wi-Fi, Webcam, Black",https://www.walmart.com/ip/Dell-Inspiron-15-3000-Business-Laptop-Computer-15-6-FHD-Touchscreen-Intel-Quad-Core-i5-1155G7-8GB-RAM-256GB-PCIe-SSD-Numeric-Keypad-Wi-Fi-Webcam-Blac/5275884456?classType=VARIANT,0,455.25,['https://i5.walmartimages.com/seo/Dell-Inspiron-15-3000-Business-Laptop-Computer-15-6-FHD-Touchscreen-Intel-Quad-Core-i5-1155G7-8GB-RAM-256GB-PCIe-SSD-Numeric-Keypad-Wi-Fi-Webcam-Blac_3c640f47-6c25-4b4b-8c3b-d19f1279ac1c.6f01119fac6b2b9e5d40cdaa9b6aef49.jpeg?odnHeight=180&odnWidth=180&odnBg=FFFFFF'],,,,,,,,,
,,,"Dell 15 Laptop DC15255 - 15.6-inch FHD Touchscreen, AMD Ryzen 5-7530U, 8GB RAM, 512GB SSD, Black",,Dell laptop,16850267012,"Dell 15 Laptop DC15255 - 15.6-inch FHD Touchscreen, AMD Ryzen 5-7530U, 8GB RAM, 512GB SSD, Black",https://www.walmart.com/ip/Dell-15-Laptop-DC15255-15-6-inch-FHD-Touchscreen-AMD-Ryzen-5-7530U-8GB-RAM-512GB-SSD-Black/16850267012?classType=REGULAR,0,389,['https://i5.walmartimages.com/seo/Dell-15-Laptop-DC15255-15-6-inch-FHD-Touchscreen-AMD-Ryzen-5-7530U-8GB-RAM-512GB-SSD-Black_a39aa0bc-55ec-4191-b551-bb1f2091298a.96c5bae25e4983bb3cd56ebe40bf1aad.jpeg'],,,,,,,,,
,,,"<li>[(15.6"" HD Display)] 1366 x 768 resolution boasts impressive color and clarity. With virtually no bezel encircling the display, an ultra-wide viewing experience provides for seamless multi-monitor</li>",,Dell laptop,15151674098,"Dell Inspiron 15.6"" HD Laptop, Intel Celeron Processor N4020, 32GB RAM, 1TB PCIe SSD, Intel UHD Graphics 600, HD Audio, HD Webcam, Black, Windows 11 Home",https://www.walmart.com/ip/Dell-Inspiron-15-6-HD-Laptop-Intel-Celeron-Processor-N4020-32GB-RAM-1TB-PCIe-SSD-Intel-UHD-Graphics-600-HD-Audio-HD-Webcam-Black-Windows-11-Home/15151674098?classType=REGULAR,0,,['https://i5.walmartimages.com/seo/Dell-Inspiron-15-6-HD-Laptop-Intel-Celeron-Processor-N4020-32GB-RAM-1TB-PCIe-SSD-Intel-UHD-Graphics-600-HD-Audio-HD-Webcam-Black-Windows-11-Home_3cc3324f-2cf7-4b4c-bd93-3d44bcd636e9.02f6489d315c9b19b96699296804ce92.jpeg'],,,,,,,,,
,,,<li>Processor: Intel Core i5-8350U 1.7GHz</li><li>Memory: 16GB DDR4</li><li>Storage: 512GB SSD</li><li>Optical drive: None</li><li>Graphics: Integrated Intel HD Graphics 620</li><li>Audio: Integrated</li>,,Dell laptop,1650739562,"Dell Latitude 5490 14"" Laptop Intel Core i5-8350U 16GB Memory 512GB SSD Windows 11",https://www.walmart.com/ip/Restored-Dell-5490-Core-i5-8350U-1-7GHz-16GB-512GB-SSD-2-5-14-inch-FHD-Windows-11-Professional-64-bit-Webcam-Refurbished/1650739562?conditionGroupCode=2&classType=REGULAR,0,218,['https://i5.walmartimages.com/seo/Restored-Dell-5490-Core-i5-8350U-1-7GHz-16GB-512GB-SSD-2-5-14-inch-FHD-Windows-11-Professional-64-bit-Webcam-Refurbished_1743a38e-0289-4d0d-8338-4fd626420bb5.d3ff6155c4882dfbc4e7f4bc6965bc1e.jpeg'],,,,,,,,,
,,,"Dell Pro 14 Premium PA14250 14"" Copilot+ PC Notebook - Full HD Plus - Intel Core Ultra 5 236V - vPro Technology - 16 GB - 512 GB SSD - English (US) Keyboard - Magnetite",,Dell laptop,5859070366,"Dell Pro 14 Premium PA14250 14"" Copilot+ PC Notebook, Full HD Plus, Intel Core Ultra 5 236V, vPro Technology, 16 GB, 512 GB SSD, English (US) Keyboard, Magnetite",https://www.walmart.com/ip/Alienware-Aurora-R16-Gaming-Desktop-PC-Intel-Core-i9-13900K-24-Core-CPU-16GB-DDR5-RAM-1TB-NVMe-SSD-20TB-HDD-NVIDIA-GeForce-RTX-4070-GPU-Liquid-Coolin/5859070366?classType=REGULAR,0,1499,['https://i5.walmartimages.com/seo/Alienware-Aurora-R16-Gaming-Desktop-PC-Intel-Core-i9-13900K-24-Core-CPU-16GB-DDR5-RAM-1TB-NVMe-SSD-20TB-HDD-NVIDIA-GeForce-RTX-4070-GPU-Liquid-Coolin_4f950bd3-e575-480a-b692-aac0e456122a.e7e8289431c27a2b74efe9c1f784572c.jpeg'],,,,,,,,,
,,,"<li>Dell Latitude 5490</li><li>14"" HD LED Display</li><li>Intel Core i5-7300U CPU</li><li>HDMI Port</li><li>Webcam</li><li>1 Year Warranty From a Microsoft Authorized Refurbisher</li>",,Dell laptop,14652223385,"Restored Dell Latitude 5400 Laptop Intel Core i7-8665U 1.9GHz 16GB RAM 512GB SSD 14"" FHD (1920 x 1080) Windows 10 Pro (Refurbished)",https://www.walmart.com/ip/Restored-Dell-Latitude-5490-Laptop-Intel-Core-i5-7th-gen-16GB-RAM-500GB-HDD-Windows-10-Home-or-Office-PC-Refurbished/14652223385?conditionGroupCode=2&classType=VARIANT,0,252.99,['https://i5.walmartimages.com/seo/Restored-Dell-Latitude-5490-Laptop-Intel-Core-i5-7th-gen-16GB-RAM-500GB-HDD-Windows-10-Home-or-Office-PC-Refurbished_40a5709c-3d36-48c0-b3f5-f3daefb2cbe7.5eae3b29109b849c882534a024593615.jpeg'],,,,,,,,,
,,,A TekRefurbs Product,,Dell laptop,418309103,"Dell Latitude E6540 15.6 Laptop with Intel Core i7-4800MQ Processor, 16 GB of RAM, 512 GB SSD, DVD, Windows 10 Professional 64-Bit.",https://www.walmart.com/ip/Pre-Owned-Dell-Latitude-E6540-15-6-Laptop-with-Intel-Core-i7-4800MQ-Processor-16-GB-of-RAM-512-GB-SSD-DVD-Windows-10-Professional-64-Bit/418309103?classType=REGULAR,0,214.98,['https://i5.walmartimages.com/seo/Pre-Owned-Dell-Latitude-E6540-15-6-Laptop-with-Intel-Core-i7-4800MQ-Processor-16-GB-of-RAM-512-GB-SSD-DVD-Windows-10-Professional-64-Bit_840c5d38-814d-4fbc-bfa1-dd459508ca5a_1.bc8b10139a84d0b580b40fe42cc68255.jpeg'],,,,,,,,,
,,,Dell Computer TC6KM Chromebook 11 3100 4gb 1dimms Syst 32gb Emmc 1366x768 3c Dc 2x Usb-c,,Dell laptop,998237668,"Restored 2019 Dell Chromebook 3100 Laptop 11.6"" - Celeron-N4000 - Dual Core 2.6Ghz - 32GB SSD - 4GB RAM - 1366x768 HD - Chrome OS (Refurbished)",https://www.walmart.com/ip/Restored-2019-Dell-Chromebook-3100-Laptop-11-6-Celeron-N4000-Dual-Core-2-6Ghz-32GB-SSD-4GB-RAM-1366x768-HD-Chrome-OS-Refurbished/998237668?conditionGroupCode=2&classType=REGULAR,0,43.99,['https://i5.walmartimages.com/seo/Restored-2019-Dell-Chromebook-3100-Laptop-11-6-Celeron-N4000-Dual-Core-2-6Ghz-32GB-SSD-4GB-RAM-1366x768-HD-Chrome-OS-Refurbished_03bc5cff-6ddf-470d-bc39-fe459b0223d4.d24c80014cd4ce03add1141a296a9a2c.jpeg'],,,,,,,,,
,,,"<li>Dell Latitude 3500</li><li>15.6"" Full HD LED Display</li><li>Intel Core i5-8265U 1.6GHz CPU</li><li>HDMI Port</li><li>Webcam</li><li>1 Year Warranty From a Microsoft Authorized Refurbisher</li>",,Dell laptop,9817171884,"Restored Dell Latitude 3500 15.6"" Laptop PC | Intel Core i5 8th Gen (1.6) | 16GB RAM | 256GB SSD | Windows 11 | Home or Office Computer (Refurbished)",https://www.walmart.com/ip/Restored-Dell-Latitude-3500-15-6-Laptop-PC-Intel-Core-i5-8th-Gen-1-6-8GB-RAM-500GB-HDD-Windows-11-Home-or-Office-Computer-Refurbished/9817171884?conditionGroupCode=2&classType=VARIANT,0,241.75,['https://i5.walmartimages.com/asr/d3b83766-5072-44fb-b502-95f7a92dae7a.2c4e775a3c85ee1d3efe5f02f946013d.jpeg'],,,,,,,,,
,,,<li>6th Gen Intel Core i5 Processor i5-6300U Dual-Core 2.4GHz up to 3.0GHz Intel HD Graphics 530</li><li>8BG DDR3 2133 MHz 500 SSD</li>,,Dell laptop,429845917,Restored Dell Latitude E5470 Business Laptop Computer Intel Core i5-6300U CPU 2.40GHz/ 8GB RAM/ 500GB / AC WiFi (Refurbished),https://www.walmart.com/ip/Dell-Latitude-E5470-Business-Laptop-Computer-Intel-Core-i5-6300U-CPU-2-40GHz-8GB-RAM-500GB-AC-WiFi-Bluetooth-USB-3-0-HDMI-Windows-10-Pro-Reused/429845917?conditionGroupCode=2&classType=REGULAR,0,164.99,['https://i5.walmartimages.com/asr/fdfa7c24-279b-49b0-ac56-0ce265f24c93.f2495b875bc3d07445b6723d2f86d5a0.jpeg?odnHeight=180&odnWidth=180&odnBg=ffffff'],,,,,,,,,
,,,"<li>This product may not have been manufacturer certified but has been professionally inspected, tested and cleaned by Walmart Restored Program Sellers and Suppliers</li><li>Fully functional</li>",,Dell laptop,3490596076,"Dell Latitude 5400 Laptop Intel Core i7-8665U 1.9GHz 16GB RAM 512GB PCIe SSD 14"" FHD (1920 x 1080) Windows 10 Pro",https://www.walmart.com/ip/Restored-Dell-Latitude-5400-Laptop-Intel-Core-i7-8665U-1-9GHz-16GB-RAM-512GB-SSD-14-FHD-1920-x-1080-Windows-10-Pro-Refurbished/3490596076?conditionGroupCode=2&classType=REGULAR,0,318,['https://i5.walmartimages.com/seo/Restored-Dell-Latitude-5400-Laptop-Intel-Core-i7-8665U-1-9GHz-16GB-RAM-512GB-SSD-14-FHD-1920-x-1080-Windows-10-Pro-Refurbished_a73d2637-b884-41bd-ac03-0fec309205f7.1564894a3cf86f3f093b19f5116b8416.jpeg'],,,,,,,,,
,,,"<li>Dell Latitude 3190</li><li>11.6"" HD Anti-glare LED-backlit Display</li><li>Intel Celeron</li><li>HDMI Port</li><li>Webcam</li><li>1 Year Warranty From a Microsoft Authorized Refurbisher</li>",,Dell laptop,15495861592,"Restored Dell Latitude 3190 | 11.6"" Laptop | Intel Core Celeron N4120 (1.1 GHz) | 4GB RAM | 64GB SSD | Windows 10 Home (Refurbished)",https://www.walmart.com/ip/Restored-Dell-Latitude-3190-11-6-Laptop-Intel-Core-Celeron-N4120-1-1-GHz-4GB-RAM-64GB-SSD-Windows-10-Home-Refurbished/15495861592?conditionGroupCode=2&classType=REGULAR,0,118,['https://i5.walmartimages.com/seo/Restored-Dell-Latitude-3190-11-6-Laptop-Intel-Core-Celeron-N4120-1-1-GHz-4GB-RAM-64GB-SSD-Windows-10-Home-Refurbished_64b69ebc-a7c2-4b0a-a4fe-199a5a9ee685.6d0ab77902ea238116caf0ec642ad335.jpeg'],,,,,,,,,
,,,"<li>Intel Core i7-7600U Processor 4M Cache, 2.8 GHZ up to 3.90 GHz</li><li>14"" FHD 1920x1080</li><li>16GB DDR4 RAM - 512GB SSD - Intel HD Graphics 620</li><li>Windows 10 Pro</li>",,Dell laptop,256284156,"Dell Latitude 7480 14"" FHD Laptop Intel Core i7-6600U 2.6GHz 16GB Ram 512GB SSD Windows 10 Professional",https://www.walmart.com/ip/Dell-Latitude-7480-14-FHD-Laptop-Intel-Core-i7-6600U-2-6GHz-16GB-Ram-512GB-SSD-Windows-10-Professional/256284156?classType=REGULAR,0,197,['https://i5.walmartimages.com/seo/Dell-Latitude-7480-14-FHD-Laptop-Intel-Core-i7-6600U-2-6GHz-16GB-Ram-512GB-SSD-Windows-10-Professional_5b443ddb-4ecb-4ea4-aeb2-74192585663d.e652d904d089da589b9317c4eb9401b4.jpeg'],,,,,,,,,
,,,"<li>15.6-inch FHD (1920 x 1080) Anti-glare LED Backlight Narrow Border WVA Touchscreen.</li><li>11th Gen Intel Core i5-1135G7 Processor. Ultra-low-voltage platform. Quad-core, eight-way processing</li>",,Dell laptop,1051440226,"Dell Inspiron 15 3000 15.6"" FHD Touchscreen Laptop Computer, Intel Quad-Core i5-1135G7, 16GB RAM, 512GB PCIe SSD, Numeric Keypad, Wi-Fi, Webcam, HDMI, Windows 11 Home",https://www.walmart.com/ip/Dell-Inspiron-15-3000-15-6-FHD-Touchscreen-Laptop-Computer-Intel-Quad-Core-i5-1135G7-16GB-RAM-512GB-PCIe-SSD-Numeric-Keypad-Wi-Fi-Webcam-HDMI-Windows/1051440226?classType=VARIANT,0,478.98,['https://i5.walmartimages.com/seo/Dell-Inspiron-15-3000-15-6-FHD-Touchscreen-Laptop-Computer-Intel-Quad-Core-i5-1135G7-16GB-RAM-512GB-PCIe-SSD-Numeric-Keypad-Wi-Fi-Webcam-HDMI-Windows_8dfbf4bb-157e-43f7-b846-e98efc516dc5.b3925142369b8e3c10fea6c69187f4e4.jpeg?odnHeight=180&odnWidth=180&odnBg=FFFFFF'],,,,,,,,,
,,,"Dell Inspiron 15 3535 Touchscreen Laptop, 15.6"" Full HD, AMD Ryzen 5 7530U(>i7-1255U), 16GB RAM, 1TB SSD, for Business and Student Laptop Computer, Windows 11 Pro, Numeric Keypad, SD Card Reader",,Dell laptop,14912756922,"Dell Inspiron 15 3000 3520 Business Laptop, 15.6"" FHD, Intel Core i3-1215U, 16GB RAM, 1TB SSD, Wi-Fi, Windows 11 Pro",https://www.walmart.com/ip/Dell-Inspiron-15-3000-3520-Business-Laptop-15-6-FHD-Intel-Core-i3-1215U-16GB-RAM-1TB-SSD-Wi-Fi-Windows-11-Pro-Microsoft-Office-Lifetime-License/14912756922?classType=VARIANT,0,559.89,['https://i5.walmartimages.com/seo/Dell-Inspiron-15-3000-3520-Business-Laptop-15-6-FHD-Intel-Core-i3-1215U-16GB-RAM-1TB-SSD-Wi-Fi-Windows-11-Pro-Microsoft-Office-Lifetime-License_5af7201b-b697-4af1-80b0-f8cdea8769ba.5c8d23fc4a1bb38aba041c516cde82aa.jpeg?odnHeight=180&odnWidth=180&odnBg=FFFFFF'],,,,,,,,,
,,,"- Intel Core 8th Generation i7-8650U Processor (Quad Core, 1.90 GHz, Max Turbo Frequency 4.20 GHz, 8MB Cache,15W) ; - 14.0"" FHD (1920 x 1080) Anti-Glare, HD CAM/Mic, WWAN/WLAN, Mag Alloy back, Non",,Dell laptop,404851937,"TouchScreen Dell Latitude 7490 14"" Laptop- 8th Gen Intel Quad Core i7, 8GB-32GB RAM, Solid State Drive, Win 10 or 11",https://www.walmart.com/ip/TouchScreen-Dell-Latitude-7490-14-Laptop-8th-Gen-Intel-Quad-Core-i7-8GB-32GB-RAM-Solid-State-Drive-Win-10-or-11/404851937?classType=REGULAR,0,328.64,['https://i5.walmartimages.com/seo/TouchScreen-Dell-Latitude-7490-14-Laptop-8th-Gen-Intel-Quad-Core-i7-8GB-32GB-RAM-Solid-State-Drive-Win-10-or-11_fb7b8810-a6a1-4bd0-8cc1-ac508f3b613b.54631c0c93635e9f89f693921845c30a.jpeg'],,,,,,,,,
,,,"<li>Dell Latitude 5490</li><li>14"" HD LED Display</li><li>Intel Core i5-8250U CPU</li><li>HDMI Port</li><li>Webcam</li><li>1 Year Warranty From a Microsoft Authorized Refurbisher</li>",,Dell laptop,7839222289,Restored Dell Latitude 5490 Laptop PC | Intel Core i5 8th gen | 8GB RAM | 500GB HDD | Windows 11 (Refurbished),https://www.walmart.com/ip/Restored-Dell-Latitude-5490-Laptop-PC-Intel-Core-i5-8th-gen-8GB-RAM-500GB-HDD-Windows-11-Refurbished/7839222289?conditionGroupCode=2&classType=VARIANT,0,199.99,['https://i5.walmartimages.com/seo/Restored-Dell-Latitude-5490-Laptop-PC-Intel-Core-i5-8th-gen-8GB-RAM-500GB-HDD-Windows-11-Refurbished_40a5709c-3d36-48c0-b3f5-f3daefb2cbe7.5eae3b29109b849c882534a024593615.jpeg'],,,,,,,,,
,,,,,Dell laptop,8988969760,Dell Inspiron 14 Laptop 5440 14-inch FHD+ Intel Core i5-1334U 8GB RAM 512GB NVMe SSD Carbon Black,https://www.walmart.com/ip/Dell-Inspiron-14-Laptop-5440-14-0-inch-16-10-FHD-Display-13th-Gen-Intel-Core-i5-1334U-8GB-DDR5-RAM-512GB-SSD-Intel-UHD-Graphics-Windows-11-Home-Onsit/8988969760?classType=REGULAR&athbdg=L1102,0,349,['https://i5.walmartimages.com/seo/Dell-Inspiron-14-Laptop-5440-14-0-inch-16-10-FHD-Display-13th-Gen-Intel-Core-i5-1334U-8GB-DDR5-RAM-512GB-SSD-Intel-UHD-Graphics-Windows-11-Home-Onsit_16c4082c-11eb-4e26-a07b-e5dac39d25bb.c010a3f1dc1e965d76898011eb093df9.jpeg?odnHeight=180&odnWidth=180&odnBg=FFFFFF'],,,,,,,,,
,,,,,Dell laptop,14282665019,Dell Inspiron 16 Laptop 5640 16-inch FHD+ Touch Intel Core i5-1334U 8GB RAM 512GB NVMe SSD Ice Blue,https://www.walmart.com/ip/Dell-Inspiron-16-Laptop-5640-16-0-inch-16-10-FHD-Touchsreen-Display-Intel-Core-i5-1334U-Processor-8GB-DDR5-RAM-512GB-SSD-Intel-UHD-Graphics-Windows-1/14282665019?classType=REGULAR&athbdg=L1600,0,499,['https://i5.walmartimages.com/seo/Dell-Inspiron-16-Laptop-5640-16-0-inch-16-10-FHD-Touchsreen-Display-Intel-Core-i5-1334U-Processor-8GB-DDR5-RAM-512GB-SSD-Intel-UHD-Graphics-Windows-1_bded7b63-99b7-4f90-a661-77d570531048.d9554ca1ce4dccd6fdf738e6f5911f9c.jpeg?odnHeight=180&odnWidth=180&odnBg=FFFFFF'],,,,,,,,,
,,,,,Dell laptop,14255402464,Dell Inspiron 15 Laptop 3530 15.6-inch FHD Intel Core i3-1305U 8GB RAM 512GB NVMe SSD Carbon Black,https://www.walmart.com/ip/Dell-Inspiron-15-3520-15-6-Full-HD-Touchscreen-Laptop-Intel-Core-i5-1235U-Intel-UHD-Graphics-Camera-Wi-Fi-32GB-RAM-2TB-SSD-Windows-11-S/14255402464?classType=REGULAR&athbdg=L1103,0,339,['https://i5.walmartimages.com/seo/Dell-Inspiron-15-3520-15-6-Full-HD-Touchscreen-Laptop-Intel-Core-i5-1235U-Intel-UHD-Graphics-Camera-Wi-Fi-32GB-RAM-2TB-SSD-Windows-11-S_183dc5a1-1a1c-4aab-9b18-63324535c53c.e5521afd95f8c0c19e6885cad515ac5d.jpeg?odnHeight=180&odnWidth=180&odnBg=FFFFFF'],,,,,,,,,
,,,,,Dell laptop,2405822269,Dell Inspiron 16 Laptop 5640 16-inch FHD+ Intel Core 7-150U 16GB RAM 1TB NVMe SSD Midnight Blue,https://www.walmart.com/ip/Dell-Inspiron-16-Laptop-5640-16-0-inch-16-10-FHD-Display-Intel-Core-7-150U-Processor-16GB-DDR5-RAM-1TB-SSD-Intel-Graphics-Windows-11-Home-1-Year-Mail/2405822269?classType=REGULAR,0,749,['https://i5.walmartimages.com/seo/Dell-Inspiron-16-Laptop-5640-16-0-inch-16-10-FHD-Display-Intel-Core-7-150U-Processor-16GB-DDR5-RAM-1TB-SSD-Intel-Graphics-Windows-11-Home-1-Year-Mail_2be5cbdb-0524-4841-aa61-42e25683c42d.079e577ea7e69aab80993d232d6e3a4c.jpeg?odnHeight=180&odnWidth=180&odnBg=FFFFFF'],,,,,,,,,
,,,"<li>Dell Latitude 5410 Laptop 14"" Non-Touch Screen No Integrated Webcam</li><li>Intel Core i5 10th Gen i5-10210U Quad-Core Processor 1.6GHz (4.2GHz With Turbo Boost)</li><li>256GB SSD Hard Drive & 8GB</li>",,Dell laptop,362177849,"Restored Dell Latitude 5410 14"" Laptop, Intel Core i5 10th Gen, 8 GB RAM, 256 GB SSD, Windows 10 Pro (Refurbished)",https://www.walmart.com/ip/Dell-Latitude-5410-14-Laptop-Intel-Core-i5-10th-Gen-8-GB-RAM-256-GB-SSD-Windows-10-Pro/362177849?conditionGroupCode=2&classType=REGULAR,0,244.08,['https://i5.walmartimages.com/asr/51734c99-48d0-48e6-917f-c30526335806.3de2fefbbfda792d4a0d64475dbaf247.jpeg?odnHeight=180&odnWidth=180&odnBg=ffffff'],,,,,,,,,
,,,"<li>Equipped with an Intel-Core i3-1215U Processor, this laptop delivers reliable performance from its base clock of 1.2GHz, turbocharging up to 4.4 GHz. Featuring 6 cores and 8 threads, it</li>",,Dell laptop,13469466540,"Dell Inspiron 15 3520 Laptop for Business & Students - with Microsoft Office Lifetime License, 15.6"" FHD Display, Intel Core i3-1215U, 32GB RAM, 2TB SSD, Wi-Fi, Bluetooth, Windows 11 Pro",https://www.walmart.com/ip/Dell-Inspiron-15-3520-Laptop-Business-Students-Microsoft-Office-Lifetime-License-15-6-FHD-Display-Intel-Core-i3-1215U-32GB-RAM-2TB-SSD-Wi-Fi-Bluetoot/13469466540?classType=REGULAR,0,676.56,['https://i5.walmartimages.com/seo/Dell-Inspiron-15-3520-Laptop-Business-Students-Microsoft-Office-Lifetime-License-15-6-FHD-Display-Intel-Core-i3-1215U-32GB-RAM-2TB-SSD-Wi-Fi-Bluetoot_c7d18db7-9f0c-46b7-95d0-93853639d617.a681322e2d425c3966903f9e19f756da.jpeg'],,,,,,,,,
,,,"<li>Dell Latitude 5410</li><li>14"" Full HD Display</li><li>Intel Core i5-10310U CPU</li><li>HDMI Port</li><li>Webcam</li><li>1 Year Warranty From a Microsoft Authorized Refurbisher</li>",,Dell laptop,13569305671,"Restored Dell Latitude 5410 14"" Laptop Computer | Intel Core i5-10310U| 8GB RAM | 128GB SSD | Windows 11 Pro | Home or Office PC (Refurbished)",https://www.walmart.com/ip/Restored-Dell-Latitude-5410-14-Laptop-Computer-Intel-Core-i5-10310U-8GB-RAM-128GB-SSD-Windows-11-Pro-Home-or-Office-PC-Refurbished/13569305671?conditionGroupCode=2&classType=VARIANT,0,208,['https://i5.walmartimages.com/seo/Restored-Dell-Latitude-5410-14-Laptop-Computer-Intel-Core-i5-10310U-8GB-RAM-128GB-SSD-Windows-11-Pro-Home-or-Office-PC-Refurbished_aafa65f4-4ec9-4b81-bf03-b109d0af5887.ac35220d5695c445bfb64965a4faef38.jpeg'],,,,,,,,,
,,,"<li>Dell Latitude 3500</li><li>15.6"" Full HD LED Display</li><li>Intel Core i5-8265U 1.6GHz CPU</li><li>HDMI Port</li><li>Webcam</li><li>1 Year Warranty From a Microsoft Authorized Refurbisher</li>",,Dell laptop,9799672674,"Restored Dell Latitude 3500 15.6"" Laptop PC | Intel Core i5 8th Gen (1.6) | 8GB RAM | 128GB SSD | Windows 11 | Home or Office Computer (Refurbished)",https://www.walmart.com/ip/Restored-Dell-Latitude-3500-15-6-Laptop-PC-Intel-Core-i5-8th-Gen-1-6-8GB-RAM-128GB-SSD-Windows-11-Home-or-Office-Computer-Refurbished/9799672674?conditionGroupCode=2&classType=VARIANT,0,165.31,['https://i5.walmartimages.com/seo/Restored-Dell-Latitude-3500-15-6-Laptop-PC-Intel-Core-i5-8th-Gen-1-6-8GB-RAM-128GB-SSD-Windows-11-Home-or-Office-Computer-Refurbished_d3b83766-5072-44fb-b502-95f7a92dae7a.2c4e775a3c85ee1d3efe5f02f946013d.jpeg'],,,,,,,,,
,,,"Refurbished Dell 14"" E6430 Laptop PC:<li>Intel Core i5-3320M processor: 2.6GHz</li><li>8GB DDR3 SDRAM system memory (expandable to 32GB): Gives you the power to handle most power-hungry applications</li>",,Dell laptop,43051800,"Dell Black 14"" E6430 Laptop PC with Intel Core i5-3320M Processor, 8GB Memory, 128GB SSD and Windows 10 Pro",https://www.walmart.com/ip/Used-Dell-Black-14-E6430-Laptop-PC-with-Intel-Core-i5-3320M-Processor-8GB-Memory-128GB-SSD-and-Windows-10-Pro/43051800?classType=REGULAR&athbdg=L1600,0,159.99,['https://i5.walmartimages.com/seo/Used-Dell-Black-14-E6430-Laptop-PC-with-Intel-Core-i5-3320M-Processor-8GB-Memory-128GB-SSD-and-Windows-10-Pro_5fe055ad-1d01-4f3d-b74f-2981fe4bb029_1.9833e547146463d688a5a65658d6544a.jpeg'],,,,,,,,,
,,,"The new Inspiron 15 3520 - a 15.6 laptop with a thoughtful design and all the essential features to keep you connected throughout the day. 

Windows 11 Home (S Mode)
Experience the most secure Windows",,Dell laptop,5112731990,"Dell Inspiron 15 3520 15.6” Full HD Touchscreen Laptop, Intel Core i5- 1155G7, 8GB RAM, 256GB SSD, Windows 11 Home S Mode",https://www.walmart.com/ip/Dell-Inspiron-15-3520-Touch-Laptop-Intel-Core-i5-Intel-UHD-8GB-Memory-256GB-SSD-Carbon-Black/5112731990?classType=VARIANT,0,409,['https://i5.walmartimages.com/seo/Dell-Inspiron-15-3520-Touch-Laptop-Intel-Core-i5-Intel-UHD-8GB-Memory-256GB-SSD-Carbon-Black_66f46b58-0a66-4f02-b7fe-3f5eecc7bcd9.85918768bd63391348389786ae8649c6.jpeg?odnHeight=180&odnWidth=180&odnBg=FFFFFF'],,,,,,,,,
,,,,,Dell laptop,16804559807,"Dell Inspiron 15 3530 Touchscreen Laptop - Business & Student Laptop Computer, Intel Core i5-1334U, 32GB RAM, 1TB SSD, Windows 11 Pro, 15.6"" FHD Anti-Glare Display",https://www.walmart.com/ip/Dell-Inspiron-15-3535-Touchscreen-Laptop-Business-Student-Laptop-Computer-Intel-Core-i5-1334U-32GB-RAM-1TB-SSD-W-Office-Lifetime-Windows-11-Pro-15-6/16804559807?classType=VARIANT,0,698.9,['https://i5.walmartimages.com/seo/Dell-Inspiron-15-3535-Touchscreen-Laptop-Business-Student-Laptop-Computer-Intel-Core-i5-1334U-32GB-RAM-1TB-SSD-W-Office-Lifetime-Windows-11-Pro-15-6_ac209e86-7c59-4870-ade2-520abfe61533.ff8bd9be2bc1185c290e927e92d6e9a2.jpeg?odnHeight=180&odnWidth=180&odnBg=FFFFFF'],,,,,,,,,
,,,,,Dell laptop,17015374116,"Dell 16"" FHD+ Touchscreen Business Laptop, 32GB DDR5, 1TB SSD, Intel Core 7 150U, AI Copilot Key, Fingerprint Reader, Backlit KB, Windows 11 Pro",https://www.walmart.com/ip/Dell-16-FHD-Touchscreen-Business-Laptop-32GB-DDR5-1TB-SSD-Intel-Core-7-150U-AI-Copilot-Key-Fingerprint-Reader-Backlit-KB-Windows-11-Pro-Office-Pro-Li/17015374116?classType=VARIANT,0,1039.79,['https://i5.walmartimages.com/seo/Dell-16-FHD-Touchscreen-Business-Laptop-32GB-DDR5-1TB-SSD-Intel-Core-7-150U-AI-Copilot-Key-Fingerprint-Reader-Backlit-KB-Windows-11-Pro-Office-Pro-Li_0690d2a1-a9b6-4c17-b45d-5335621cc6e8.bc1b1731a6ccf0a5da5cd789545706c4.jpeg?odnHeight=180&odnWidth=180&odnBg=FFFFFF'],,,,,,,,,
,,,"<li>Equipped with an Intel-Core i3-1215U Processor, this laptop delivers reliable performance from its base clock of 1.2GHz, turbocharging up to 4.4 GHz. Featuring 6 cores and 8 threads, it</li>",,Dell laptop,13505454410,"Dell Inspiron 15 3520 Laptop for Business & Students - with Microsoft Office Lifetime License, 15.6"" FHD Display, Intel Core i3-1215U, 32GB RAM, 1TB SSD, Wi-Fi, Bluetooth, Windows 11 Pro",https://www.walmart.com/ip/Dell-Inspiron-15-3520-Laptop-Business-Students-Microsoft-Office-Lifetime-License-15-6-FHD-Display-Intel-Core-i3-1215U-32GB-RAM-1TB-SSD-Wi-Fi-Bluetoot/13505454410?classType=REGULAR,0,586,['https://i5.walmartimages.com/seo/Dell-Inspiron-15-3520-Laptop-Business-Students-Microsoft-Office-Lifetime-License-15-6-FHD-Display-Intel-Core-i3-1215U-32GB-RAM-1TB-SSD-Wi-Fi-Bluetoot_807c1d3c-38d3-47fd-8b4b-16e6bf79955e.f831c4aecdea0e525eeea72135982e2b.jpeg'],,,,,,,,,
,,,"Dell Inspiron 15.6"" Touch Laptop, Intel Core i5-1135G7, 16GB RAM, 512GB SSD, Intel UHD Graphics, Windows 11 Home",,Dell laptop,3919638499,"Dell Inspiron Laptop, 15.6"" FHD IPS Touchscreen, Intel Core i5-1135G7, 16GB RAM, 512GB SSD, Wi-Fi, Bluetooth, Windows 11 Home, Carbon Black",https://www.walmart.com/ip/Dell-Inspiron-Laptop-15-6-FHD-IPS-Touchscreen-Intel-Core-i5-1135G7-16GB-RAM-512GB-SSD-Wi-Fi-Bluetooth-Windows-11-Home-Carbon-Black/3919638499?classType=VARIANT,0,482.59,['https://i5.walmartimages.com/seo/Dell-Inspiron-Laptop-15-6-FHD-IPS-Touchscreen-Intel-Core-i5-1135G7-16GB-RAM-512GB-SSD-Wi-Fi-Bluetooth-Windows-11-Home-Carbon-Black_3937e71f-5da6-4ec6-82dc-d88032b59c3f.2e79cd7960fa7dfcafd0324e92ada035.jpeg?odnHeight=180&odnWidth=180&odnBg=FFFFFF'],,,,,,,,,
,,,"Windows 11 operating system
Windows 11 brings back the Start Menu from Windows 7 and introduces new features, like the Edge Web browser that lets you markup Web pages on your screen.

14.0"" FHD+ Touch",,Dell laptop,8849862603,"2024 Newest Dell Inspiron 15 3520 15.6"" FHD Laptop ,Intel Core i7-1255U ,32 GB RAM 1 TB SSD ,Wi-Fi, Webcam, Bluetooth,Windows 11 Home Black",https://www.walmart.com/ip/2024-Newest-Dell-Inspiron-15-3520-15-6-FHD-Laptop-Intel-Core-i7-1255U-32-GB-RAM-1-TB-SSD-Wi-Fi-Webcam-Bluetooth-Windows-11-Home-Black/8849862603?classType=VARIANT&athbdg=L1600,0,649,['https://i5.walmartimages.com/seo/2024-Newest-Dell-Inspiron-15-3520-15-6-FHD-Laptop-Intel-Core-i7-1255U-32-GB-RAM-1-TB-SSD-Wi-Fi-Webcam-Bluetooth-Windows-11-Home-Black_cf66be33-0e13-4294-937c-3be1cf5fc16b.fb7dab40d3827a163d2bb40abcad67ff.jpeg?odnHeight=180&odnWidth=180&odnBg=FFFFFF'],,,,,,,,,
,,,"<li>DISPLAY: 11.6-inch HD (1366 x 768), non-touch IPS panel, 220 cd/m brightness, 16:9 aspect ratio</li><li>PROCESSOR: Intel Celeron N2840 (dual-core, 2.16 GHz, up to 2.58 GHz with Turbo Boost) //</li>",,Dell laptop,1792540277,"Restored Laptop Dell 3120 11.6"" Intel Celeron N2840 DualCore 4GB RAM 16GB Storage Chrome OS (Refurbished)",https://www.walmart.com/ip/Restored-Laptop-Dell-3120-11-6-Intel-Celeron-N2840-DualCore-4GB-RAM-16GB-Storage-Chrome-OS-Refurbished/1792540277?conditionGroupCode=2&classType=REGULAR,0,47.99,['https://i5.walmartimages.com/asr/4ff4b882-6f04-43cc-b023-f80fd9b0a4d8.c04f88437f488c2b3d2caa8fedf21002.jpeg'],,,,,,,,,
,,,<li>6th Gen Intel Core i5 Processor i5-6300U Dual-Core 2.4GHz up to 3.0GHz Intel HD Graphics 530</li><li>8BG DDR3 2133 MHz 500 SSD</li>,,Dell laptop,429845917,Restored Dell Latitude E5470 Business Laptop Computer Intel Core i5-6300U CPU 2.40GHz/ 8GB RAM/ 500GB / AC WiFi (Refurbished),https://www.walmart.com/ip/Dell-Latitude-E5470-Business-Laptop-Computer-Intel-Core-i5-6300U-CPU-2-40GHz-8GB-RAM-500GB-AC-WiFi-Bluetooth-USB-3-0-HDMI-Windows-10-Pro-Reused/429845917?conditionGroupCode=2&classType=REGULAR,0,160,['https://i5.walmartimages.com/asr/fdfa7c24-279b-49b0-ac56-0ce265f24c93.f2495b875bc3d07445b6723d2f86d5a0.jpeg?odnHeight=180&odnWidth=180&odnBg=ffffff'],,,,,,,,,
,,,"Dell Inspiron 3520 Laptop, 15.6"" FHD Business Computer, 32GB RAM, 1TB SSD, Intel Core i5-1235U, Wi-Fi 6, Windows 11 Pro, Numeric Keypad, SD Card Reader, Bluetooth, Intel UHD Graphics, Black",,Dell laptop,5384712873,"Dell Inspiron 3520 Laptop, 15.6"" FHD Business Computer, 32GB RAM, 1TB SSD, Intel Core i5-1235U, Wi-Fi 6, Windows 11 Pro, Numeric Keypad, SD Card Reader, Bluetooth, Intel UHD Graphics, Black",https://www.walmart.com/ip/Dell-Inspiron-3520-Laptop-15-6-FHD-Business-Computer-32GB-RAM-1TB-SSD-Intel-Core-i5-1235U-Wi-Fi-6-Windows-11-Pro-Numeric-Keypad-SD-Card-Reader-Blueto/5384712873?classType=REGULAR,0,568.66,['https://i5.walmartimages.com/seo/Dell-Inspiron-3520-Laptop-15-6-FHD-Business-Computer-32GB-RAM-1TB-SSD-Intel-Core-i5-1235U-Wi-Fi-6-Windows-11-Pro-Numeric-Keypad-SD-Card-Reader-Blueto_c2826daa-fe5d-48ad-86ca-d7803d6bedc7.8025d7e596db90b43ac8dd1dc8c6dcd2.jpeg'],,,,,,,,,
,,,"<li>Dell Latitude 5320</li><li>13.3"" Full HD LED Display</li><li>Intel Core i7-1185G7 CPU</li><li>HDMI Port</li><li>Webcam</li><li>1 Year Warranty From a Microsoft Authorized Refurbisher</li>",,Dell laptop,14676464471,"Restored Dell Latitude 5320 13.3"" Laptop | Intel Core i7 11th gen | 16GB RAM | 512GB SSD | Windows 11 | Home or Office PC (Refurbished)",https://www.walmart.com/ip/Restored-Dell-Latitude-5320-13-3-Laptop-Intel-Core-i7-11th-gen-16GB-RAM-512GB-SSD-Windows-11-Home-or-Office-PC-Refurbished/14676464471?conditionGroupCode=2&classType=VARIANT,0,262,['https://i5.walmartimages.com/seo/Restored-Dell-Latitude-5320-13-3-Laptop-Intel-Core-i7-11th-gen-16GB-RAM-512GB-SSD-Windows-11-Home-or-Office-PC-Refurbished_a943c67c-e7f6-4de9-8fc4-f1d080a09f5d.91cf258912281d13d7ebce025a60ada3.jpeg'],,,,,,,,,
,,,"Seller Refurbished.Units are fully functional, and cosmetically will have major scratches/dings or dents.",,Dell laptop,2198637533,Pre-Owned Pre-Owned Dell Chromebook 11 3180 83C80 11.6-Inch Traditional Laptop (Black),https://www.walmart.com/ip/Dell-Chromebook-11-3180-83C80-11-6-Inch-Traditional-Laptop-Black/2198637533?conditionGroupCode=3&classType=REGULAR,0,56,['https://i5.walmartimages.com/seo/Dell-Chromebook-11-3180-83C80-11-6-Inch-Traditional-Laptop-Black_10373885-b17a-4cd3-98e5-08e12ab4af39.11851a2aed6e1b80cf80452952643678.jpeg'],,,,,,,,,
,,,,,Dell laptop,17064860701,"Dell 16-Inch Touchscreen Business Laptop – Intel Core 7 150U – 64GB DDR5, 1TB SSD – FHD+ Display - AI Copilot Key, Fingerprint Reader, Backlit KB, Windows 11 Pro",https://www.walmart.com/ip/Dell-16-Inch-Touchscreen-Business-Laptop-Intel-Core-7-150U-64GB-DDR5-1TB-SSD-FHD-Display-AI-Copilot-Key-Fingerprint-Reader-Backlit-KB-Windows-11-Pro/17064860701?classType=VARIANT,0,1057,['https://i5.walmartimages.com/seo/Dell-16-Inch-Touchscreen-Business-Laptop-Intel-Core-7-150U-64GB-DDR5-1TB-SSD-FHD-Display-AI-Copilot-Key-Fingerprint-Reader-Backlit-KB-Windows-11-Pro_e9ec3cb0-c640-42d3-a7d8-66e2d1f5a568.ba6d43e74b67b3c1faa8547721b85e65.jpeg?odnHeight=180&odnWidth=180&odnBg=FFFFFF'],,,,,,,,,
,,,,,Dell laptop,13631016702,"Dell Inspiron 16 Business Laptop, 16"" FHD+ Display, AMD Ryzen 7-8840U, 64GB DDR5 RAM, 2TB SSD, Wi-Fi 6E, Backlit KB, Windows 11 Pro",https://www.walmart.com/ip/Dell-Inspiron-16-Business-Laptop-16-FHD-Display-AMD-Ryzen-7-8840U-64GB-DDR5-RAM-2TB-SSD-Wi-Fi-6E-Backlit-KB-Windows-11-Pro/13631016702?classType=VARIANT,0,1099.99,['https://i5.walmartimages.com/seo/Dell-Inspiron-16-Business-Laptop-16-FHD-Display-AMD-Ryzen-7-8840U-64GB-DDR5-RAM-2TB-SSD-Wi-Fi-6E-Backlit-KB-Windows-11-Pro_06605d5d-c6f4-4db4-bdd9-f6b32927cef5.238d203a46a29f47b351cc4b691ec877.jpeg?odnHeight=180&odnWidth=180&odnBg=FFFFFF'],,,,,,,,,
,,,"Dell Inspiron 15 3535 Touchscreen Laptop, 15.6"" Full HD, AMD Ryzen 5 7530U(>i7-1255U), 16GB RAM, 1TB SSD, for Business and Student Laptop Computer, Windows 11 Pro, Numeric Keypad, SD Card Reader",,Dell laptop,14912756922,"Dell Inspiron 15 3000 3520 Business Laptop, 15.6"" FHD, Intel Core i3-1215U, 16GB RAM, 1TB SSD, Wi-Fi, Windows 11 Pro",https://www.walmart.com/ip/Dell-Inspiron-15-3000-3520-Business-Laptop-15-6-FHD-Intel-Core-i3-1215U-16GB-RAM-1TB-SSD-Wi-Fi-Windows-11-Pro-Microsoft-Office-Lifetime-License/14912756922?classType=VARIANT,0,559.89,['https://i5.walmartimages.com/seo/Dell-Inspiron-15-3000-3520-Business-Laptop-15-6-FHD-Intel-Core-i3-1215U-16GB-RAM-1TB-SSD-Wi-Fi-Windows-11-Pro-Microsoft-Office-Lifetime-License_5af7201b-b697-4af1-80b0-f8cdea8769ba.5c8d23fc4a1bb38aba041c516cde82aa.jpeg?odnHeight=180&odnWidth=180&odnBg=FFFFFF'],,,,,,,,,
,,,"Dell Inspiron 16 Laptop 5640 - 16.0-inch 16:10 FHD+ Display, Intel Core 7 150U Processor, 16GB DDR5 RAM, 1TB SSD, Intel Graphics, Windows 11 Home, 1 Year Onsite Service - Midnight Blue",,Dell laptop,2405822269,Dell Inspiron 16 Laptop 5640 16-inch FHD+ Intel Core 7-150U 16GB RAM 1TB NVMe SSD Midnight Blue,https://www.walmart.com/ip/Dell-Inspiron-16-Laptop-5640-16-0-inch-16-10-FHD-Display-Intel-Core-7-150U-Processor-16GB-DDR5-RAM-1TB-SSD-Intel-Graphics-Windows-11-Home-1-Year-Mail/2405822269?classType=REGULAR,0,749,['https://i5.walmartimages.com/seo/Dell-Inspiron-16-Laptop-5640-16-0-inch-16-10-FHD-Display-Intel-Core-7-150U-Processor-16GB-DDR5-RAM-1TB-SSD-Intel-Graphics-Windows-11-Home-1-Year-Mail_2be5cbdb-0524-4841-aa61-42e25683c42d.079e577ea7e69aab80993d232d6e3a4c.jpeg'],,,,,,,,,
,,,"Dell 15 Laptop DC15255 - 15.6-inch FHD Touchscreen, AMD Ryzen 5-7530U, 8GB RAM, 512GB SSD, Black",,Dell laptop,16850267012,"Dell 15 Laptop DC15255 - 15.6-inch FHD Touchscreen, AMD Ryzen 5-7530U, 8GB RAM, 512GB SSD, Black",https://www.walmart.com/ip/Dell-15-Laptop-DC15255-15-6-inch-FHD-Touchscreen-AMD-Ryzen-5-7530U-8GB-RAM-512GB-SSD-Black/16850267012?classType=REGULAR,0,389,['https://i5.walmartimages.com/seo/Dell-15-Laptop-DC15255-15-6-inch-FHD-Touchscreen-AMD-Ryzen-5-7530U-8GB-RAM-512GB-SSD-Black_a39aa0bc-55ec-4191-b551-bb1f2091298a.96c5bae25e4983bb3cd56ebe40bf1aad.jpeg'],,,,,,,,,
,,,"Powerful PerformanceWith Intel 10-Core i7 Processor(up to 5.00 GHz and a 12 MB cache), this laptop ensures smooth multitasking, rapid data processing, and seamless performance for all your business",,Dell laptop,16638151639,"Dell Inspiron 15.6"" FHD Touchscreen Business Laptop - Intel i7-1355U, 16GB RAM, 1TB SSD, Intel Iris Xe, Wi-Fi 6, Windows 11 Pro & Accessories",https://www.walmart.com/ip/Dell-Inspiron-15-6-FHD-Touchscreen-Business-Laptop-Intel-i7-1355U-16GB-RAM-1TB-SSD-Intel-Iris-Xe-Wi-Fi-6-Windows-11-Pro-Office-Lifetime-License-Acces/16638151639?classType=VARIANT&athbdg=L1900,0,768.89,['https://i5.walmartimages.com/seo/Dell-Inspiron-15-6-FHD-Touchscreen-Business-Laptop-Intel-i7-1355U-16GB-RAM-1TB-SSD-Intel-Iris-Xe-Wi-Fi-6-Windows-11-Pro-Office-Lifetime-License-Acces_e4262344-69ec-48e8-84b7-d2250e879db1.567c2cbd5e90e53d230d659cf556e3b9.jpeg?odnHeight=180&odnWidth=180&odnBg=FFFFFF'],,,,,,,,,
,,,"Processor The Dell Inspiron 3520 Business Laptop features an impressive 12th Gen Intel Core i3-1215U (10 MB cache, 6 cores, 8 threads, up to 4.40 GHz Turbo), delivers reliable performance for everyday",,Dell laptop,14312604768,"Dell Inspiron 15 3000 3520 Business Laptop, 15.6"" FHD Display, Intel Core i3-1215U, 16GB RAM, 1TB SSD, Wi-Fi, Bluetooth, Windows 11 Home",https://www.walmart.com/ip/Dell-Inspiron-15-3000-3520-Business-Laptop-Microsoft-Office-Lifetime-License-15-6-FHD-Display-Intel-Core-i3-1215U-16GB-RAM-1TB-SSD-Wi-Fi-Bluetooth-Wi/14312604768?classType=REGULAR,0,544.9,['https://i5.walmartimages.com/seo/Dell-Inspiron-15-3000-3520-Business-Laptop-Microsoft-Office-Lifetime-License-15-6-FHD-Display-Intel-Core-i3-1215U-16GB-RAM-1TB-SSD-Wi-Fi-Bluetooth-Wi_3c0b4b9a-d1f6-4c28-9eb3-e035ceb6808c.1efb914748682d76671438094dd20480.jpeg'],,,,,,,,,
,,,"<li>Processor:Intel Core 7 150U (up to 5.4 GHz, 12 MB L3 cache, 10 cores, 12 threads)</li><li>Screen:16"" FHD+ (1920 x 1200) 300-Nits WVA Touchscreen with ComfortView Plus Support</li><li>Memory &</li>",,Dell laptop,7700221061,Dell Inspiron 15 (3520) Touch Laptop - Intel Core i7 processor - 16GB - 1TB SSD - Carbon Black,https://www.walmart.com/ip/Dell-Inspiron-15-3520-Touch-Laptop-Intel-Core-i7-processor-16GB-Memory-1TB-SSD-Carbon-Black/7700221061?classType=VARIANT,0,698,['https://i5.walmartimages.com/seo/Dell-Inspiron-15-3520-Touch-Laptop-Intel-Core-i7-processor-16GB-Memory-1TB-SSD-Carbon-Black_97ccdb69-9b4a-41ca-a652-d2670e934266.e7645a9a69bd522245adcff86e67bd74.jpeg?odnHeight=180&odnWidth=180&odnBg=FFFFFF'],,,,,,,,,
,,,"<li>15.6-inch FHD (1920 x 1080) Anti-glare LED Backlight Narrow Border WVA Touchscreen.</li><li>11th Gen Intel Core i5-1135G7 Processor. Ultra-low-voltage platform. Quad-core, eight-way processing</li>",,Dell laptop,2224569357,"Dell Inspiron 15 3000 15.6"" FHD Touchscreen Laptop Computer, Intel Quad-Core i5-1135G7, 8GB RAM, 512GB PCIe SSD, Numeric Keypad, Wi-Fi, Webcam, HDMI, Windows 11 Home",https://www.walmart.com/ip/Dell-Inspiron-15-3000-15-6-FHD-Touchscreen-Laptop-Computer-Intel-Quad-Core-i5-1135G7-8GB-RAM-512GB-PCIe-SSD-Numeric-Keypad-Wi-Fi-Webcam-HDMI-Windows/2224569357?classType=VARIANT,0,449.99,['https://i5.walmartimages.com/seo/Dell-Inspiron-15-3000-15-6-FHD-Touchscreen-Laptop-Computer-Intel-Quad-Core-i5-1135G7-8GB-RAM-512GB-PCIe-SSD-Numeric-Keypad-Wi-Fi-Webcam-HDMI-Windows_8dfbf4bb-157e-43f7-b846-e98efc516dc5.b3925142369b8e3c10fea6c69187f4e4.jpeg?odnHeight=180&odnWidth=180&odnBg=FFFFFF'],,,,,,,,,
,,,"<li>Dell Latitude 7400</li><li>14"" Full HD LED Display</li><li>Intel Core i7-8665U CPU</li><li>HDMI Port</li><li>Webcam</li><li>1 Year Warranty From a Microsoft Authorized Refurbisher</li>",,Dell laptop,9529663854,"Restored Dell Latitude 7400 14"" Laptop Computer Intel Core i7 8th Gen 16GB RAM 128GB SSD Windows 11 Pro Home or Office PC (Refurbished)",https://www.walmart.com/ip/Restored-Dell-Latitude-7400-14-Laptop-Computer-Intel-Core-i7-8th-Gen-16GB-RAM-128GB-SSD-Windows-11-Pro-Home-or-Office-PC-Refurbished/9529663854?conditionGroupCode=2&classType=VARIANT,0,288,['https://i5.walmartimages.com/asr/9a40f7ad-98a3-4eeb-ae42-131c56637ee0.4929edcabd09f0941cda218043af8d36.jpeg'],,,,,,,,,
,,,,,Dell laptop,16963554345,"Dell Inspiron 15 3530 Touchscreen Laptop for Business, 15.6"" FHD Touch Display, Intel i5-1334U, 32GB RAM, 2TB SSD, Windows 11 Pro, Wi-Fi 6",https://www.walmart.com/ip/Dell-Inspiron-15-3530-Touchscreen-Laptop-Business-15-6-FHD-Touch-Display-Office-Lifetime-License-Intel-i7-1355U-32GB-RAM-2TB-SSD-Windows-11-Pro-Wi-Fi/16963554345?classType=VARIANT,0,839.99,['https://i5.walmartimages.com/seo/Dell-Inspiron-15-3530-Touchscreen-Laptop-Business-15-6-FHD-Touch-Display-Office-Lifetime-License-Intel-i7-1355U-32GB-RAM-2TB-SSD-Windows-11-Pro-Wi-Fi_eaffa5bc-7eac-410b-a503-0c394f299c07.74693f900f3987f15140ebb6d743f6c0.png?odnHeight=180&odnWidth=180&odnBg=FFFFFF'],,,,,,,,,
,,,,,Dell laptop,15740808724,"Dell Inspiron 15 3511 15.6"" FHD Laptop, i3-1215U, 16GB RAM, 1TB SSD, Win11, Includes VLT 64GB SD Card, Carbon Black",https://www.walmart.com/ip/Dell-Inspiron-15-3511-15-6-FHD-Laptop-Intel-Core-i3-1215U-16GB-RAM-1TB-SSD-Intel-UHD-Graphics-Windows-11-Carbon-Black/15740808724?classType=VARIANT,0,435.68,['https://i5.walmartimages.com/seo/Dell-Inspiron-15-3511-15-6-FHD-Laptop-Intel-Core-i3-1215U-16GB-RAM-1TB-SSD-Intel-UHD-Graphics-Windows-11-Carbon-Black_c93fd528-e72b-4b85-a947-e56fe574b13e.23b3534414677ab1da53781492e9ce38.jpeg?odnHeight=180&odnWidth=180&odnBg=FFFFFF'],,,,,,,,,
,,,"<li>Intel Core i5 8th Gen (1.60 GHz)</li><li>16GB SODIMM DDR4 Memory</li><li>512GB SSD</li><li>Windows 11 Pro 64-Bit</li><li>(1920x1080)</li><li>Includes: Webcam, Touchscreen, Wifi, Bluetooth</li>",,Dell laptop,3098120373,"Dell Latitude 5400 14.0"" FHD Touchscreen Laptop, i5-8365U, 16GB, 512GB SSD, (Refurbished)",https://www.walmart.com/ip/Restored-Dell-Latitude-5400-14-0-in-Laptop-Intel-Core-i5-8365U-8th-Gen-1-60-GHz-16GB-512GB-SSD-Windows-11-Pro-64-Bit-Bluetooth-Webcam-Touchscreen-Ref/3098120373?conditionGroupCode=2&classType=REGULAR,0,237.66,['https://i5.walmartimages.com/seo/Restored-Dell-Latitude-5400-14-0-in-Laptop-Intel-Core-i5-8365U-8th-Gen-1-60-GHz-16GB-512GB-SSD-Windows-11-Pro-64-Bit-Bluetooth-Webcam-Touchscreen-Ref_f3bba77c-85da-4a1a-9e74-e56bff9b8878.1a46462b3b2e41de3f6ce324849c3a53.jpeg'],,,,,,,,,
,,,"<li>Reliable Speed for Real-World TasksBuilt with the 10-core Intel Core 7 150U processor (up to 5.4GHz max), this dell laptop gives you the muscle to run dozens of browser tabs, crunch spreadsheets,</li>",,Dell laptop,17009371720,"Dell 16-Inch Touchscreen Business Laptop – Intel Core 7 150U – 32GB DDR5, 1TB SSD – FHD+ Display - AI Copilot Key, Fingerprint Reader, Backlit KB, Windows 11 Pro",https://www.walmart.com/ip/Dell-16-Inch-Touchscreen-Business-Laptop-Intel-Core-7-150U-32GB-DDR5-1TB-SSD-FHD-Display-AI-Copilot-Key-Fingerprint-Reader-Backlit-KB-Windows-11-Pro/17009371720?classType=VARIANT&athbdg=L1900,0,1039.89,['https://i5.walmartimages.com/seo/Dell-16-Inch-Touchscreen-Business-Laptop-Intel-Core-7-150U-32GB-DDR5-1TB-SSD-FHD-Display-AI-Copilot-Key-Fingerprint-Reader-Backlit-KB-Windows-11-Pro_e9ec3cb0-c640-42d3-a7d8-66e2d1f5a568.ba6d43e74b67b3c1faa8547721b85e65.jpeg?odnHeight=180&odnWidth=180&odnBg=FFFFFF'],,,,,,,,,
,,,"[( AMD Ryzen 5 7000 Series Processor)] Equipped with AMD Ryzen 5 7530U (up to 4.5GHz, 6 cores, 12 threads), it brings the perfect combination of features to make you unstoppable. The Inspiron series",,Dell laptop,15189860715,"Dell Inspiron 15 3535 Laptop 2023 Newest, 16GB RAM, 512GB SSD, Student and Business Laptop, 15.6"" FHD Display, AMD Ryzen 5 7530U Processor (up to 4.5GHz, Beat i7-1160G7), Win 11 Home",https://www.walmart.com/ip/Dell-Inspiron-15-3535-Laptop-2023-Newest-16GB-RAM-512GB-SSD-Student-Business-Laptop-15-6-FHD-Display-AMD-Ryzen-5-7530U-Processor-up-4-5GHz-Beat-i7-11/15189860715?classType=REGULAR,0,549.99,['https://i5.walmartimages.com/seo/Dell-Inspiron-15-3535-Laptop-2023-Newest-16GB-RAM-512GB-SSD-Student-Business-Laptop-15-6-FHD-Display-AMD-Ryzen-5-7530U-Processor-up-4-5GHz-Beat-i7-11_94ff379e-31b2-4c2b-a57f-92f2b5cd7f79.7e119dfedd0b31fd4e760711f82f91c5.jpeg'],,,,,,,,,
,,,"DELL Latitude 3189 Intel Pentium N4200 (1.1 GHz) 4 GB Memory 128 GB SSD Intel 11.6"" Touchscreen Convertible 2-in-1 Laptop Windows 10 Pro (Scratch & Dent)Product Condition / Grade D Scratch & DentFully",,Dell laptop,5268601432,"DELL Latitude 3189 11.6"" Touchscreen Convertible 2-in-1 Laptop, Intel Pentium N4200, Windows 10 Pro",https://www.walmart.com/ip/DELL-Latitude-3189-11-6-Touchscreen-Convertible-2-in-1-Laptop-Intel-Pentium-N4200-Windows-10-Pro/5268601432?classType=REGULAR,0,167.68,['https://i5.walmartimages.com/seo/DELL-Latitude-3189-11-6-Touchscreen-Convertible-2-in-1-Laptop-Intel-Pentium-N4200-Windows-10-Pro_95d0ad49-5152-4d11-b15d-703d2520b4cf.0d102c0d890fd3dce3841b58479694a8.jpeg'],,,,,,,,,
,,,"<li>15.6"" Touchscreen Anti-Glare LED Backlight WVA FHD (1920 x 1080) Display.</li><li>Intel Core i5-1334U Processor (10 Cores, 12 Threads, 12MB L3 Cache, Base Frequency at 1.3 GHz, Up to 4.6 GHz at</li>",,Dell laptop,16537422001,"Dell Inspiron 15 3530 Business Laptop, 15.6"" FHD Touchscreen, Intel Core i5-1334U, 16GB RAM, 1TB SSD, Webcam, HDMI, Wi-Fi 6, Win 11 Home, Black",https://www.walmart.com/ip/Dell-Inspiron-15-3530-Business-Laptop-15-6-FHD-Touchscreen-Intel-Core-i5-1334U-16GB-RAM-1TB-SSD-Webcam-HDMI-Wi-Fi-6-Win-11-Home-Black/16537422001?classType=REGULAR,0,539.99,['https://i5.walmartimages.com/seo/Dell-Inspiron-15-3530-Business-Laptop-15-6-FHD-Touchscreen-Intel-Core-i5-1334U-16GB-RAM-1TB-SSD-Webcam-HDMI-Wi-Fi-6-Win-11-Home-Black_c7f73dc0-0287-4af5-8ce5-3a202bb138e2.4bce3683a46aecfd4022250bd55937c2.jpeg'],,,,,,,,,
,,,"<li>Intel Core i5 Processor: Equipped with Intel Core i5-1235U (10 cores, up to 4.40 GHz), it brings the perfect combination of features to make you unstoppable. The Inspiron series is highly</li>",,Dell laptop,16174668725,"Dell Inspiron 15 3520 Laptop for Business, 15.6"" FHD Display, Intel 10-Core i5-1235U, 32GB RAM, 1TB SSD, Windows 11 Pro, Wi-Fi 6",https://www.walmart.com/ip/Dell-Inspiron-15-3520-Laptop-Business-15-6-FHD-Touch-Screen-Intel-10-Core-i5-1235U-32GB-RAM-1TB-SSD-Windows-11-Pro-Wi-Fi-6-Office-Pro-Lifetime-Licens/16174668725?classType=VARIANT,0,586.79,['https://i5.walmartimages.com/seo/Dell-Inspiron-15-3520-Laptop-Business-15-6-FHD-Touch-Screen-Intel-10-Core-i5-1235U-32GB-RAM-1TB-SSD-Windows-11-Pro-Wi-Fi-6-Office-Pro-Lifetime-Licens_cf49b76d-6bf4-497f-9294-1d24afdcff8b.a2a0d694ad6a5abd73c9dd9e84caca23.png?odnHeight=180&odnWidth=180&odnBg=FFFFFF'],,,,,,,,,
,,,"Dell Inspiron 3520 Laptop Computer, 15.6"" FHD Anti-Glare, Intel Core i3-1215U, 32GB RAM, 2TB SSD, Intel UHD Graphics, Numeric Keypad, Wi-Fi 6, Bluetooth, Windows 11 Pro, SD Card Reader",,Dell laptop,5308631644,"Dell Inspiron 3520 15.6"" FHD 32GB RAM, 2TB SSD Laptop Computer",https://www.walmart.com/ip/Dell-Inspiron-3520-15-6-FHD-32GB-RAM-2TB-SSD-Laptop-Computer/5308631644?classType=REGULAR,0,629,['https://i5.walmartimages.com/seo/Dell-Inspiron-3520-15-6-FHD-32GB-RAM-2TB-SSD-Laptop-Computer_2a7e2d61-d549-49d0-99bb-3e995a90d7bf.ca7140820866ff669b721f7ffd3fe3e0.jpeg'],,,,,,,,,
,,,"Intel Celeron Processor N4020Windows 11 Home (S mode) EnglishIntel UHD Graphics 600 with shared graphics memory4GB, 1x4GB, DDR4, 2400MHz128GB M.2 PCIe NVMe Solid State Drive15.6-in. displayStarting at",,Dell laptop,765995632,"Dell 3510 Inspiron 4GB Ram 128GB 15.6 in. HD Display Laptop, Black",https://www.walmart.com/ip/Dell-3510-Inspiron-4GB-Ram-128GB-15-6-in-HD-Display-Laptop-44-Black/765995632?classType=REGULAR,0,299,['https://i5.walmartimages.com/seo/Dell-3510-Inspiron-4GB-Ram-128GB-15-6-in-HD-Display-Laptop-44-Black_80c419ae-3e7c-40f8-826c-a487c7d55de1.2c92d4192d3097bcdf7bada81a96c71a.jpeg'],,,,,,,,,
,,,"<li>Intel Core i5-7300U 2.6GHz</li><li>16GB RAM</li><li>1TB SSD</li><li>Intel HD Graphics</li><li>Ports: (3) USB 3.1, VGA, HDMI 1.4, VGA, RJ-45, headset/mic combo jack</li><li>Display Resolutions:</li>",,Dell laptop,910808278,"Restored Dell 5490 16"" Laptop with Intel Core i5-7300U 2.6GHz Processor, 16GB Memory, 1TB SSD-2.5, Webcam, Win10P64 (Refurbished)",https://www.walmart.com/ip/Restored-Dell-5490-16-Laptop-with-Intel-Core-i5-7300U-2-6GHz-Processor-16GB-Memory-1TB-SSD-2-5-Webcam-Win10P64-Refurbished/910808278?conditionGroupCode=2&classType=REGULAR,0,208,['https://i5.walmartimages.com/seo/Restored-Dell-5490-16-Laptop-with-Intel-Core-i5-7300U-2-6GHz-Processor-16GB-Memory-1TB-SSD-2-5-Webcam-Win10P64-Refurbished_1743a38e-0289-4d0d-8338-4fd626420bb5.d3ff6155c4882dfbc4e7f4bc6965bc1e.jpeg'],,,,,,,,,
,,,"<li>Processor:AMD Ryzen 7 7730U (8-Core) Processor (up to 4.5 GHz, 16 MB L3 cache, 8 cores, 16 threads)</li><li>Screen: 15.6"" Touchscreen WVA LED-Backlit FHD (1920x1080) 60Hz Display</li><li>Memory &</li>",,Dell laptop,5480733382,"Dell Inspiron 15 3520 15.6'' FHD Display Intel Core i3-1215U 8GB RAM, 512GB SSD, Intel UHD Graphics, Windows 11 Carbon Black",https://www.walmart.com/ip/Dell-Inspiron-15-3520-15-6-FHD-Display-Intel-Core-i3-1215U-8GB-RAM-512GB-SSD-Intel-UHD-Graphics-Windows-11-Carbon-Black/5480733382?classType=VARIANT,0,345.99,['https://i5.walmartimages.com/seo/Dell-Inspiron-15-3520-15-6-FHD-Display-Intel-Core-i3-1215U-8GB-RAM-512GB-SSD-Intel-UHD-Graphics-Windows-11-Carbon-Black_0edb06d3-d54f-448c-8c96-8c2ca315a479.2f3ed457289f85989d6549415b1be8ab.jpeg?odnHeight=180&odnWidth=180&odnBg=FFFFFF'],,,,,,,,,
,,,Dell Inspiron 15 3520<li>15.6 FHD Display</li><li>Intel Core i7-1255U Processor</li><li>16 GB RAM</li><li>1 TB SSD</li><li>Intel Integrated Graphics</li><li>Windows 11 Home</li><li>Wireless-AX +</li>,,Dell laptop,5232436518,Dell Inspiron 15 3520 15.6'' FHD Laptop Intel Core i7-1255U 16 GB RAM 1 TB SSD Iris XE Graphics Windows 11 Home Carbon Black,https://www.walmart.com/ip/Dell-Inspiron-15-3520-15-6-FHD-Laptop-Intel-Core-i7-1255U-16-GB-RAM-1-TB-SSD-Iris-XE-Graphics-Windows-11-Home-Carbon-Black/5232436518?classType=VARIANT,0,,['https://i5.walmartimages.com/seo/Dell-Inspiron-15-3520-15-6-FHD-Laptop-Intel-Core-i7-1255U-16-GB-RAM-1-TB-SSD-Iris-XE-Graphics-Windows-11-Home-Carbon-Black_eb96a331-f286-4be6-bea6-47ad1d6cff4e.0e2390050b3c29f3e0d7fc08ed8604a6.jpeg?odnHeight=180&odnWidth=180&odnBg=FFFFFF'],,,,,,,,,
,,,"A great, affordable laptop to meet your home and work needs. Dell's dependability and sleek design makes the Latitude series a solid choice for general use computer.",,Dell laptop,465010769,"Pre-Owned Dell Latitude e6420 Laptop - Intel Core i5 Processor, 500gb HDD, 8GB RAM, DVD-RW, Windows 10 Pro (Reused)",https://www.walmart.com/ip/Dell-Latitude-e6420-Laptop-Intel-Core-i5-Processor-500gb-HDD-8GB-RAM-DVD-RW-Windows-10-Pro-Reused/465010769?conditionGroupCode=3&classType=REGULAR,0,168.68,['https://i5.walmartimages.com/seo/Dell-Latitude-e6420-Laptop-Intel-Core-i5-Processor-500gb-HDD-8GB-RAM-DVD-RW-Windows-10-Pro-Reused_4967c2b0-79f7-4162-813e-fc3f3e818cde_1.271463d4c488b0bd6a1385297b027804.jpeg'],,,,,,,,,
,,,"<li>This product may not have been manufacturer certified but has been professionally inspected, tested and cleaned by Walmart Restored Program Sellers and Suppliers</li><li>Fully functional</li>",,Dell laptop,3490596076,"Dell Latitude 5400 Laptop Intel Core i7-8665U 1.9GHz 16GB RAM 512GB PCIe SSD 14"" FHD (1920 x 1080) Windows 10 Pro",https://www.walmart.com/ip/Restored-Dell-Latitude-5400-Laptop-Intel-Core-i7-8665U-1-9GHz-16GB-RAM-512GB-SSD-14-FHD-1920-x-1080-Windows-10-Pro-Refurbished/3490596076?conditionGroupCode=2&classType=REGULAR,0,318,['https://i5.walmartimages.com/seo/Restored-Dell-Latitude-5400-Laptop-Intel-Core-i7-8665U-1-9GHz-16GB-RAM-512GB-SSD-14-FHD-1920-x-1080-Windows-10-Pro-Refurbished_a73d2637-b884-41bd-ac03-0fec309205f7.1564894a3cf86f3f093b19f5116b8416.jpeg'],,,,,,,,,
,,,<li>Windows 11 Pro</li><li>Bluetooth/Wifi</li><li>Microsoft Office suite</li><li>Solid State digital Hard drive</li>,,Dell laptop,17076573506,"Dell Latitude 7490 14.3"" Laptop 16GB 256GB SSD Windows 11 WiFi BT MS Office Suite",https://www.walmart.com/ip/Restored-Windows-11-Dell-Latitude-7490-14-3-Laptop-16GB-500GB-SSD-WiFi-BT-Office21-Refurbished/17076573506?conditionGroupCode=2&classType=REGULAR,0,229.99,['https://i5.walmartimages.com/asr/afe3c628-f52e-4cdb-94cc-b15465197191.f0ee96650365a673207bae8b91045997.jpeg'],,,,,,,,,
,,,"Start Your Day Strong, Anywhere: Whether you're working from a caf or attending virtual classes at home, the Dell Inspiron 15.6"" Touchscreen Laptop with AMD Ryzen 7 7730U keeps you in control. Powered",,Dell laptop,16576567025,"Dell Inspiron 15.6"" Touchscreen Laptop, Ryzen 7 7730U 4.5 GHz, 32GB RAM, 1TB SSD, Full HD Display,  Windows 11 Pro,  Includes Accessories, Ideal for Personal & Business Use",https://www.walmart.com/ip/Dell-Inspiron-15-6-Touchscreen-Laptop-Ryzen-7-7730U-4-5-GHz-32GB-RAM-1TB-SSD-Full-HD-Display-Lifetime-Microsoft-Office-Windows-11-Pro-Includes-Mouse/16576567025?classType=VARIANT,0,697.97,['https://i5.walmartimages.com/seo/Dell-Inspiron-15-6-Touchscreen-Laptop-Ryzen-7-7730U-4-5-GHz-32GB-RAM-1TB-SSD-Full-HD-Display-Lifetime-Microsoft-Office-Windows-11-Pro-Includes-Mouse_34caa4fc-a10a-4d94-a588-a825d41a2deb.7824bdd958b5b324a7538fbbd218d0ee.jpeg?odnHeight=180&odnWidth=180&odnBg=FFFFFF'],,,,,,,,,
,,,"<li>Intel Core i7-7600U Processor 4M Cache, 2.8 GHZ up to 3.90 GHz</li><li>14"" FHD 1920x1080</li><li>16GB DDR4 RAM - 512GB SSD - Intel HD Graphics 620</li><li>Windows 10 Pro</li>",,Dell laptop,256284156,"Dell Latitude 7480 14"" FHD Laptop Intel Core i7-6600U 2.6GHz 16GB Ram 512GB SSD Windows 10 Professional",https://www.walmart.com/ip/Dell-Latitude-7480-14-FHD-Laptop-Intel-Core-i7-6600U-2-6GHz-16GB-Ram-512GB-SSD-Windows-10-Professional/256284156?classType=REGULAR,0,197,['https://i5.walmartimages.com/seo/Dell-Latitude-7480-14-FHD-Laptop-Intel-Core-i7-6600U-2-6GHz-16GB-Ram-512GB-SSD-Windows-10-Professional_5b443ddb-4ecb-4ea4-aeb2-74192585663d.e652d904d089da589b9317c4eb9401b4.jpeg'],,,,,,,,,
